,index,attendance,away_assists,away_at_bats,away_average_leverage_index,away_base_out_runs_added,away_base_out_runs_saved,away_bases_on_balls,away_batting_average,away_earned_runs,away_fly_balls,away_game_score,away_grounded_balls,away_hits,away_home_runs,away_inherited_runners,away_inherited_score,away_innings_pitched,away_line_drives,away_on_base_percentage,away_on_base_plus,away_pitches,away_plate_appearances,away_putouts,away_rbi,away_runs,away_slugging_percentage,away_strikeouts,away_strikes,away_strikes_by_contact,away_strikes_looking,away_strikes_swinging,away_unknown_bat_type,away_win_probability_added,away_win_probability_by_pitcher,away_win_probability_for_offensive_player,away_win_probability_subtracted,date,duration,home_assists,home_at_bats,home_average_leverage_index,home_base_out_runs_added,home_base_out_runs_saved,home_bases_on_balls,home_batting_average,home_earned_runs,home_fly_balls,home_game_score,home_grounded_balls,home_hits,home_home_runs,home_inherited_runners,home_inherited_score,home_innings_pitched,home_line_drives,home_on_base_percentage,home_on_base_plus,home_pitches,home_plate_appearances,home_putouts,home_rbi,home_runs,home_slugging_percentage,home_strikeouts,home_strikes,home_strikes_by_contact,home_strikes_looking,home_strikes_swinging,home_unknown_bat_type,home_win_probability_added,home_win_probability_by_pitcher,home_win_probability_for_offensive_player,home_win_probability_subtracted,losing_abbr,losing_name,time,time_of_day,venue,winner,winning_abbr,winning_name,location
0,WAS/WAS201903280,42263,5,31,1.38,-3.1,5.1,3,0.161,2.0,11,71,8,5,0,0,0,9.0,6,0.235,0.493,139,34,27,2,2,0.258,12,93,49,23,22,0,0.31,0.725,-0.227,-0.537,"Thursday, March 28, 2019",2:44,9,31,0.73,-5.1,3.1,1,0.161,0.0,12,76,5,5,1,3,1,9.0,8,0.212,0.406,135,33,27,0,0,0.194,14,89,40,24,25,0,0.411,0.226,-0.726,-1.136,WSN,Washington Nationals,1:07 p.m. Local,Day,Nationals Park,Away,NYM,New York Mets,Away
1,WAS/WAS201903300,33765,9,40,0.94,5.9,-2.9,5,0.35,11.0,15,49,15,14,1,4,0,9.0,12,0.422,0.922,181,46,27,10,11,0.5,11,116,59,28,29,0,0.99,0.072,0.428,-0.558,"Saturday, March 30, 2019",3:50,8,36,0.9,2.9,-5.9,3,0.25,4.0,12,48,14,9,0,4,3,9.0,5,0.333,0.778,188,42,27,8,8,0.444,11,117,63,33,21,0,0.654,-0.429,-0.069,-0.723,WSN,Washington Nationals,1:05 p.m. Local,Day,Nationals Park,Away,NYM,New York Mets,Away
2,WAS/WAS201903310,23430,8,39,0.87,-0.1,-1.2,2,0.333,5.0,21,45,10,13,2,3,0,8.1,11,0.366,0.75,165,41,25,4,5,0.385,8,93,51,19,23,0,0.979,-0.447,-0.052,-1.032,"Sunday, March 31, 2019",3:15,8,36,1.38,1.2,0.1,1,0.306,6.48,14,52,11,11,0,4,3,9.0,6,0.342,0.898,152,38,27,6,6,0.556,11,101,53,28,20,0,1.031,0.052,0.447,-0.584,NYM,New York Mets,1:35 p.m. Local,Day,Nationals Park,Home,WSN,Washington Nationals,Away
3,MIA/MIA201904010,6489,10,36,1.33,2.5,1.5,2,0.278,7.0,13,51,7,10,1,2,0,9.0,4,0.35,0.85,135,40,27,6,7,0.5,16,100,47,18,35,0,1.374,0.15,0.35,-1.025,"Monday, April 1, 2019",3:10,6,35,1.47,-1.5,-2.5,1,0.257,1.0,16,58,12,9,2,0,0,9.0,8,0.278,0.621,166,36,27,3,3,0.343,7,92,50,21,21,0,0.774,-0.35,-0.149,-0.922,MIA,Miami Marlins,7:10 p.m. Local,Night,Marlins Park,Away,NYM,New York Mets,Away
4,MIA/MIA201904020,5934,9,38,1.64,1.5,-0.5,5,0.237,6.0,13,44,18,9,1,3,1,9.0,6,0.341,0.604,145,44,27,6,6,0.263,7,102,64,21,17,0,0.557,0.269,0.231,-0.327,"Tuesday, April 2, 2019",3:23,12,41,0.69,0.5,-1.5,2,0.39,5.0,23,31,14,16,0,0,0,9.0,14,0.444,1.005,167,46,27,5,5,0.561,5,90,59,23,8,0,1.045,-0.23,-0.271,-1.315,MIA,Miami Marlins,7:10 p.m. Local,Night,Marlins Park,Away,NYM,New York Mets,Away
5,MIA/MIA201904030,7486,3,38,0.71,1.5,0.5,3,0.263,4.0,20,84,8,10,0,3,2,9.0,9,0.317,0.791,164,41,27,6,6,0.474,10,104,57,26,21,0,0.492,0.352,0.148,-0.343,"Wednesday, April 3, 2019",3:07,5,34,0.47,-0.5,-1.5,3,0.206,4.0,15,54,4,7,1,0,0,9.0,8,0.27,0.564,159,37,27,4,4,0.294,15,109,58,20,31,0,0.206,-0.148,-0.354,-0.556,MIA,Miami Marlins,6:10 p.m. Local,Night,Marlins Park,Away,NYM,New York Mets,Away
6,NYN/NYN201904040,44424,6,30,1.18,-0.4,4.4,4,0.167,4.0,13,76,8,5,0,3,0,9.0,3,0.278,0.578,146,37,27,4,4,0.3,11,101,51,29,21,0,0.356,0.556,-0.055,-0.411,"Thursday, April 4, 2019",3:19,7,32,0.63,-4.4,0.4,2,0.125,0.0,7,66,11,4,1,1,1,9.0,2,0.176,0.301,167,34,27,0,0,0.125,14,93,48,23,22,0,0.271,0.055,-0.556,-0.827,NYM,New York Mets,1:11 p.m. Local,Day,Citi Field,Away,WSN,Washington Nationals,Home
7,NYN/NYN201904060,35156,9,32,1.08,0.6,-2.1,6,0.219,4.0,9,56,13,7,5,2,0,8.0,3,0.342,0.78,130,39,24,4,5,0.438,11,112,63,29,20,0,1.186,-0.775,0.276,-0.908,"Saturday, April 6, 2019",3:13,11,32,1.42,2.1,-0.6,2,0.344,6.75,16,67,6,11,2,2,1,9.0,9,0.4,1.275,179,35,27,6,6,0.875,10,80,42,24,15,0,1.41,-0.277,0.776,-0.634,WSN,Washington Nationals,1:10 p.m. Local,Day,Citi Field,Home,NYM,New York Mets,Home
8,NYN/NYN201904070,40681,7,32,0.43,7.6,-4.6,12,0.25,12.0,13,48,11,8,2,4,2,9.0,6,0.457,0.832,173,46,27,11,12,0.375,9,103,59,30,14,0,0.583,0.131,0.37,-0.212,"Sunday, April 7, 2019",3:42,9,36,0.5,4.6,-7.6,2,0.306,9.0,18,23,7,11,1,3,1,9.0,10,0.405,0.96,198,42,27,9,9,0.556,11,110,52,30,28,0,0.262,-0.369,-0.131,-0.392,NYM,New York Mets,1:10 p.m. Local,Day,Citi Field,Away,WSN,Washington Nationals,Home
9,NYN/NYN201904090,22126,8,43,0.81,9.6,-3.6,2,0.395,11.0,23,43,14,17,4,4,0,9.0,11,0.422,1.352,219,46,27,12,14,0.93,7,117,74,29,18,0,0.792,0.019,0.483,-0.31,"Tuesday, April 9, 2019",4:08,10,38,0.48,3.6,-9.6,7,0.289,8.0,18,24,12,11,6,0,0,9.0,6,0.4,1.084,186,45,27,8,8,0.684,8,126,74,26,26,0,0.684,-0.48,-0.019,-0.703,NYM,New York Mets,7:35 p.m. Local,Night,Citi Field,Away,MIN,Minnesota Twins,Home
10,NYN/NYN201904100,20946,8,34,1.01,1.6,-5.1,1,0.265,6.0,8,49,17,9,0,6,6,8.0,4,0.286,0.756,162,36,24,5,6,0.471,10,97,55,19,23,0,0.283,-0.33,-0.169,-0.452,"Wednesday, April 10, 2019",3:15,12,27,0.6,5.1,-1.6,10,0.185,10.12,7,58,11,5,1,1,1,9.0,3,0.421,0.606,134,39,27,9,9,0.185,10,88,43,19,26,0,0.807,0.17,0.329,-0.476,MIN,Minnesota Twins,7:11 p.m. Local,Night,Citi Field,Home,NYM,New York Mets,Home
11,ATL/ATL201904110,24015,6,33,1.05,1.0,2.0,7,0.212,6.0,13,63,12,7,2,0,0,9.0,7,0.35,0.744,164,41,27,6,6,0.394,9,102,60,23,19,0,0.682,0.297,0.204,-0.476,"Thursday, April 11, 2019",3:14,11,36,0.78,-2.0,-1.0,3,0.25,3.0,11,47,11,9,2,3,1,9.0,3,0.308,0.835,166,39,27,3,3,0.528,14,104,56,29,19,0,0.548,-0.203,-0.298,-0.845,ATL,Atlanta Braves,7:22 p.m. Local,Night,SunTrust Park,Away,NYM,New York Mets,Away
12,ATL/ATL201904120,33334,10,37,0.8,1.0,3.0,6,0.27,6.0,15,57,13,10,0,0,0,9.0,11,0.372,0.859,153,43,27,6,6,0.486,9,94,52,32,10,0,0.705,0.235,0.265,-0.438,"Friday, April 12, 2019",3:07,9,33,0.63,-3.0,-1.0,3,0.212,2.0,12,20,12,7,1,2,0,9.0,5,0.27,0.543,156,37,27,2,2,0.273,10,100,57,26,17,0,0.302,-0.265,-0.235,-0.538,ATL,Atlanta Braves,7:21 p.m. Local,Night,SunTrust Park,Away,NYM,New York Mets,Away
13,ATL/ATL201904130,40117,6,35,0.6,2.0,-6.6,5,0.314,6.0,17,28,11,11,2,3,2,8.0,7,0.39,0.819,194,42,24,6,7,0.429,9,97,58,26,14,0,0.496,-0.585,0.084,-0.411,"Saturday, April 13, 2019",3:34,7,35,0.63,6.6,-2.0,7,0.371,12.38,19,26,9,13,0,3,1,9.0,7,0.476,1.076,155,42,27,11,11,0.6,7,112,70,28,14,0,0.785,-0.083,0.584,-0.201,NYM,New York Mets,7:21 p.m. Local,Night,SunTrust Park,Home,ATL,Atlanta Braves,Away
14,ATL/ATL201904140,23385,4,38,0.76,-2.0,-2.6,2,0.289,3.0,16,50,12,11,3,2,0,8.0,10,0.325,0.746,194,40,24,3,3,0.421,10,96,56,26,14,0,0.44,-0.196,-0.304,-0.745,"Sunday, April 14, 2019",3:36,8,33,0.92,2.6,2.0,8,0.303,7.88,14,60,7,10,1,2,2,9.0,4,0.439,1.106,151,41,27,7,7,0.667,12,119,72,27,20,0,0.661,0.304,0.198,-0.462,NYM,New York Mets,7:37 p.m. Local,Night,SunTrust Park,Home,ATL,Atlanta Braves,Away
15,PHI/PHI201904150,32423,9,44,2.07,1.1,-0.1,6,0.273,4.91,18,35,15,12,1,3,1,11.0,12,0.36,0.746,209,50,33,6,7,0.386,11,107,59,28,20,0,1.638,0.258,0.244,-1.394,"Monday, April 15, 2019",4:29,11,42,1.54,0.1,-1.1,8,0.286,4.91,16,31,10,12,1,0,0,11.0,7,0.4,0.781,171,50,33,6,6,0.381,16,128,63,43,22,0,1.582,-0.244,-0.257,-1.838,PHI,Philadelphia Phillies,7:07 p.m. Local,Night,Citizens Bank Park,Away,NYM,New York Mets,Away
16,PHI/PHI201904160,43933,6,33,0.19,-1.9,-9.7,3,0.303,3.0,10,13,17,10,3,1,0,8.0,3,0.368,0.914,171,39,24,3,3,0.545,8,97,57,21,19,0,0.153,-0.437,-0.064,-0.218,"Tuesday, April 16, 2019",3:07,12,39,0.25,9.7,1.9,3,0.333,10.12,23,40,11,13,2,0,0,9.0,8,0.409,1.153,159,44,27,14,14,0.744,5,108,69,27,12,0,0.453,0.064,0.438,-0.017,NYM,New York Mets,7:07 p.m. Local,Night,Citizens Bank Park,Home,PHI,Philadelphia Phillies,Away
17,PHI/PHI201904170,39861,10,31,0.76,-2.9,1.3,2,0.226,2.0,8,57,18,7,2,0,0,8.0,3,0.314,0.637,125,35,24,2,2,0.323,5,81,47,20,14,0,0.675,0.018,-0.518,-1.192,"Wednesday, April 17, 2019",2:52,12,28,1.79,-1.3,2.9,3,0.179,3.38,11,63,12,5,1,3,1,9.0,7,0.25,0.643,125,32,27,3,3,0.393,6,83,50,23,10,0,0.364,0.519,-0.019,-0.381,NYM,New York Mets,1:06 p.m. Local,Day,Citizens Bank Park,Home,PHI,Philadelphia Phillies,Away
18,SLN/SLN201904190,40413,8,37,1.73,0.3,0.7,5,0.297,4.0,14,52,17,11,2,3,1,9.0,9,0.381,0.84,174,44,27,5,5,0.459,8,98,58,28,12,0,0.59,0.387,0.114,-0.477,"Friday, April 19, 2019",3:31,12,37,0.76,-0.7,-0.3,5,0.27,3.0,17,29,13,10,1,5,1,9.0,7,0.357,0.871,160,42,27,3,4,0.514,7,103,63,26,14,0,1.056,-0.113,-0.387,-1.442,STL,St. Louis Cardinals,7:17 p.m. Local,Night,Busch Stadium III,Away,NYM,New York Mets,Away
19,SLN/SLN201904200,47059,8,31,0.45,-2.7,-5.9,2,0.129,2.0,12,23,14,4,1,2,1,8.0,2,0.182,0.375,166,33,24,2,2,0.194,5,81,43,28,10,0,0.057,-0.289,-0.211,-0.268,"Saturday, April 20, 2019",2:45,11,32,0.36,5.9,2.7,7,0.312,10.12,22,68,10,10,0,0,0,9.0,12,0.425,0.925,109,41,27,9,10,0.5,2,103,62,30,11,0,0.457,0.212,0.29,-0.167,NYM,New York Mets,1:16 p.m. Local,Day,Busch Stadium III,Home,STL,St. Louis Cardinals,Away
20,SLN/SLN201904210,42765,9,35,0.77,-0.7,-1.9,3,0.2,4.0,14,34,9,7,0,0,0,8.0,5,0.282,0.825,133,39,24,4,4,0.543,12,102,53,24,25,0,0.531,-0.284,-0.214,-0.748,"Sunday, April 21, 2019",3:07,7,34,0.97,1.9,0.7,2,0.235,4.5,14,48,14,8,4,1,0,9.0,7,0.278,0.572,161,36,27,6,6,0.294,6,87,49,22,16,0,0.66,0.215,0.285,-0.377,NYM,New York Mets,1:16 p.m. Local,Day,Busch Stadium III,Home,STL,St. Louis Cardinals,Away
21,NYN/NYN201904220,25293,9,29,0.74,-3.4,-1.1,2,0.103,1.0,11,50,9,3,1,4,2,8.0,6,0.161,0.403,135,32,24,1,1,0.241,10,92,44,28,20,0,0.268,-0.158,-0.342,-0.608,"Monday, April 22, 2019",2:46,8,32,0.91,1.1,3.4,2,0.281,3.38,12,66,13,9,1,0,0,9.0,5,0.351,0.758,141,37,27,5,5,0.406,8,87,52,28,7,0,0.597,0.343,0.156,-0.44,PHI,Philadelphia Phillies,8:45 p.m. Local,Night,Citi Field,Home,NYM,New York Mets,Home
22,NYN/NYN201904230,26049,6,30,0.4,-4.4,-5.1,2,0.167,0.0,7,42,10,5,2,0,0,8.0,5,0.219,0.419,156,32,24,0,0,0.2,13,92,47,24,21,0,0.084,-0.275,-0.224,-0.308,"Tuesday, April 23, 2019",2:43,8,36,0.44,5.1,4.4,5,0.278,9.0,19,78,10,10,0,0,0,9.0,10,0.366,0.838,136,41,27,8,9,0.472,7,94,54,21,19,0,0.493,0.225,0.276,-0.218,PHI,Philadelphia Phillies,7:10 p.m. Local,Night,Citi Field,Home,NYM,New York Mets,Home
23,NYN/NYN201904240,27685,12,38,1.28,1.6,4.4,3,0.263,6.0,13,64,17,10,0,0,0,9.0,4,0.333,0.807,148,44,27,6,6,0.474,10,108,59,27,22,0,0.558,0.526,-0.024,-0.581,"Wednesday, April 24, 2019",3:21,8,32,0.82,-4.4,-1.6,3,0.188,0.0,8,56,15,6,1,3,0,9.0,2,0.278,0.465,170,36,27,0,0,0.188,9,87,47,22,18,0,0.462,0.025,-0.524,-0.986,NYM,New York Mets,7:11 p.m. Local,Night,Citi Field,Away,PHI,Philadelphia Phillies,Home
24,NYN/NYN201904260,28131,7,37,0.35,5.6,2.4,6,0.27,10.0,13,47,10,10,0,2,0,9.0,9,0.4,0.778,150,45,27,10,10,0.378,14,112,60,30,22,0,0.752,0.131,0.37,-0.382,"Friday, April 26, 2019",3:20,7,34,0.69,-2.4,-5.6,4,0.206,2.0,19,36,7,7,0,0,0,9.0,12,0.289,0.613,181,38,27,2,2,0.324,8,95,55,22,18,0,0.135,-0.37,-0.131,-0.268,NYM,New York Mets,9:52 p.m. Local,Night,Citi Field,Away,MIL,Milwaukee Brewers,Home
25,NYN/NYN201904270,40610,9,38,1.35,3.6,-1.6,6,0.368,8.0,13,56,14,14,2,3,1,9.0,7,0.455,1.007,164,44,27,7,8,0.553,11,109,64,26,19,0,0.932,0.049,0.452,-0.481,"Saturday, April 27, 2019",3:57,12,36,0.74,1.6,-3.6,3,0.333,6.0,13,29,10,12,2,0,0,9.0,8,0.4,0.9,171,40,27,5,6,0.5,13,108,60,22,26,0,0.896,-0.45,-0.049,-0.946,NYM,New York Mets,7:11 p.m. Local,Night,Citi Field,Away,MIL,Milwaukee Brewers,Home
26,NYN/NYN201904280,25756,10,30,0.98,-2.4,-1.1,0,0.167,2.0,10,48,12,5,0,5,1,8.0,3,0.167,0.433,157,30,24,2,2,0.267,8,80,42,29,9,0,0.464,-0.257,-0.244,-0.709,"Sunday, April 28, 2019",2:52,11,32,1.08,1.1,2.4,5,0.281,4.5,14,63,11,9,1,0,0,9.0,8,0.378,0.785,128,37,27,5,5,0.406,7,97,54,23,20,0,0.808,0.244,0.257,-0.551,MIL,Milwaukee Brewers,1:11 p.m. Local,Day,Citi Field,Home,NYM,New York Mets,Home
27,NYN/NYN201904290,20766,6,32,1.53,0.6,0.4,6,0.281,5.0,17,36,11,9,0,5,1,9.0,7,0.4,0.869,161,41,27,5,5,0.469,6,96,65,22,9,0,1.213,0.32,0.177,-1.031,"Monday, April 29, 2019",3:15,6,33,1.5,-0.4,-0.6,7,0.182,4.0,16,43,7,6,1,0,0,9.0,6,0.341,0.614,137,41,27,4,4,0.273,10,92,45,32,15,0,0.718,-0.179,-0.32,-1.038,NYM,New York Mets,7:10 p.m. Local,Night,Citi Field,Away,CIN,Cincinnati Reds,Home
28,NYN/NYN201904300,20836,11,37,1.2,-1.9,0.4,6,0.216,2.7,17,60,7,8,1,3,1,9.1,5,0.341,0.665,148,44,28,3,3,0.324,13,108,58,32,18,0,1.121,-0.263,-0.237,-1.357,"Tuesday, April 30, 2019",3:24,5,33,1.71,-0.4,1.9,3,0.273,3.86,10,60,13,9,1,5,0,10.0,4,0.324,0.749,171,38,30,4,4,0.424,12,96,45,26,25,0,0.99,0.236,0.263,-0.726,CIN,Cincinnati Reds,7:11 p.m. Local,Night,Citi Field,Home,NYM,New York Mets,Home
29,NYN/NYN201905010,22119,8,31,1.35,-3.4,4.4,3,0.129,1.0,13,70,10,4,0,3,0,9.0,5,0.229,0.454,125,35,27,1,1,0.226,8,93,59,16,18,0,0.79,0.738,-0.238,-1.027,"Wednesday, May 1, 2019",2:46,8,32,1.41,-4.4,3.4,1,0.156,0.0,13,75,9,5,1,1,0,9.0,4,0.182,0.401,135,33,27,0,0,0.219,10,85,51,20,14,0,0.228,0.238,-0.737,-0.965,NYM,New York Mets,7:10 p.m. Local,Night,Citi Field,Away,CIN,Cincinnati Reds,Home
30,NYN/NYN201905020,21445,9,30,0.78,-4.4,2.9,1,0.133,0.0,10,62,10,4,1,0,0,8.0,5,0.161,0.295,118,31,24,0,0,0.133,10,74,41,23,10,0,0.193,0.235,-0.735,-0.927,"Thursday, May 2, 2019",2:10,8,27,1.27,-2.9,4.4,1,0.148,1.12,11,88,7,4,0,,,9.0,5,0.179,0.475,104,28,27,1,1,0.296,9,86,53,22,11,0,0.239,0.734,-0.235,-0.475,CIN,Cincinnati Reds,12:11 p.m. Local,Day,Citi Field,Home,NYM,New York Mets,Home
31,MIL/MIL201905030,32550,10,32,0.98,-3.8,1.3,3,0.219,1.0,7,41,13,7,2,1,0,8.0,3,0.286,0.536,134,35,24,1,1,0.25,12,102,60,20,22,0,0.553,-0.011,-0.489,-1.041,"Friday, May 3, 2019",3:01,11,33,1.37,-1.3,3.8,2,0.303,3.38,15,56,14,10,0,0,0,9.0,5,0.343,0.888,154,35,27,3,3,0.545,4,89,53,27,9,0,0.62,0.489,0.012,-0.608,NYM,New York Mets,7:11 p.m. Local,Night,Miller Park,Home,MIL,Milwaukee Brewers,Away
32,MIL/MIL201905040,39565,16,62,2.08,-6.6,4.7,1,0.161,1.5,14,66,31,10,0,1,0,17.1,8,0.188,0.429,247,64,52,3,3,0.242,17,163,97,37,29,0,1.174,0.663,-1.164,-2.338,"Saturday, May 4, 2019",5:22,27,62,1.66,-4.7,6.6,7,0.177,2.08,25,65,19,11,1,2,0,18.0,8,0.261,0.487,253,69,54,4,4,0.226,18,162,85,41,36,0,1.904,1.164,-0.662,-2.565,NYM,New York Mets,6:10 p.m. Local,Night,Miller Park,Home,MIL,Milwaukee Brewers,Away
33,MIL/MIL201905050,36016,7,31,0.75,-2.8,1.3,1,0.194,2.0,13,49,9,6,1,2,0,8.0,6,0.219,0.574,109,32,24,2,2,0.355,9,88,55,22,12,0,0.357,0.021,-0.521,-0.878,"Sunday, May 5, 2019",2:39,10,27,1.17,-1.3,2.8,1,0.185,3.38,14,63,6,5,1,0,0,9.0,5,0.233,0.641,136,30,27,3,3,0.407,8,71,40,17,14,0,0.423,0.522,-0.02,-0.443,NYM,New York Mets,1:10 p.m. Local,Day,Miller Park,Home,MIL,Milwaukee Brewers,Away
34,SDN/SDN201905060,20176,10,31,0.7,-4.5,0.0,1,0.129,0.0,6,67,13,4,1,0,0,8.0,3,0.156,0.285,124,32,24,0,0,0.129,12,75,36,18,21,0,0.124,0.046,-0.545,-0.671,"Monday, May 6, 2019",2:14,9,30,0.99,-0.0,4.5,1,0.233,4.5,11,81,12,7,0,1,0,9.0,8,0.25,0.65,104,32,27,4,4,0.4,8,86,47,17,22,0,0.357,0.546,-0.047,-0.405,NYM,New York Mets,7:11 p.m. Local,Night,Petco Park,Home,SDP,San Diego Padres,Away
35,SDN/SDN201905070,23129,13,37,1.72,2.5,-1.5,5,0.324,7.0,10,40,16,12,2,0,0,9.0,6,0.409,0.95,157,44,27,7,7,0.541,12,106,62,24,20,0,1.424,0.019,0.482,-0.942,"Tuesday, May 7, 2019",3:38,10,37,1.42,1.5,-2.5,4,0.324,5.0,12,44,16,12,1,5,2,9.0,5,0.39,0.931,180,41,27,5,6,0.541,9,103,53,31,19,0,1.147,-0.482,-0.019,-1.166,SDP,San Diego Padres,7:11 p.m. Local,Night,Petco Park,Away,NYM,New York Mets,Away
36,SDN/SDN201905080,21952,10,33,0.94,-2.5,1.0,2,0.212,2.0,9,49,11,7,2,0,0,8.0,2,0.257,0.621,124,35,24,2,2,0.364,13,97,53,23,21,0,0.623,0.009,-0.51,-1.133,"Wednesday, May 8, 2019",2:44,8,29,1.57,-1.0,2.5,1,0.172,3.38,12,59,10,5,1,2,0,9.0,3,0.2,0.614,137,30,27,3,3,0.414,7,82,46,16,20,0,0.568,0.509,-0.01,-0.579,NYM,New York Mets,12:41 p.m. Local,Day,Petco Park,Home,SDP,San Diego Padres,Away
37,NYN/NYN201905100,25194,10,37,0.31,-2.4,-7.1,3,0.27,2.0,10,0,16,10,3,0,0,8.0,6,0.317,0.587,165,41,24,2,2,0.27,12,101,58,24,19,0,0.055,-0.44,-0.06,-0.116,"Friday, May 10, 2019",3:04,9,36,0.15,7.1,2.4,8,0.417,12.38,16,61,12,15,0,0,0,9.0,7,0.543,1.21,143,46,27,10,11,0.667,8,102,58,27,17,0,0.49,0.06,0.441,-0.05,MIA,Miami Marlins,7:10 p.m. Local,Night,Citi Field,Home,NYM,New York Mets,Home
38,NYN/NYN201905110,32501,12,33,0.89,-3.4,-0.1,2,0.182,1.0,9,36,14,6,2,2,0,8.0,6,0.229,0.501,128,35,24,1,1,0.273,10,98,54,21,23,0,0.297,-0.164,-0.337,-0.63,"Saturday, May 11, 2019",2:41,10,31,0.88,0.1,3.4,3,0.29,4.5,15,70,13,9,0,0,0,9.0,7,0.371,0.888,139,35,27,4,4,0.516,3,84,57,13,14,0,0.689,0.336,0.165,-0.524,MIA,Miami Marlins,7:10 p.m. Local,Night,Citi Field,Home,NYM,New York Mets,Home
39,WAS/WAS201905140,23315,10,34,0.73,0.9,3.1,5,0.235,6.0,18,71,11,8,1,0,0,9.0,9,0.333,0.775,122,39,27,6,6,0.441,5,82,48,26,8,0,0.477,0.309,0.19,-0.285,"Tuesday, May 14, 2019",2:38,10,30,0.47,-3.1,-0.9,1,0.167,2.0,10,34,11,5,2,2,1,9.0,3,0.219,0.519,136,32,27,2,2,0.3,9,76,37,30,9,0,0.26,-0.191,-0.31,-0.571,WSN,Washington Nationals,7:06 p.m. Local,Night,Nationals Park,Away,NYM,New York Mets,Away
40,WAS/WAS201905150,29673,9,30,0.45,-4.1,-0.5,1,0.133,1.0,8,25,10,4,1,1,0,8.0,5,0.161,0.328,119,32,24,1,1,0.167,13,84,52,13,19,0,0.151,-0.237,-0.261,-0.412,"Wednesday, May 15, 2019",2:28,9,31,0.59,0.5,4.1,2,0.29,5.62,16,80,10,9,0,0,0,9.0,5,0.333,0.817,122,33,27,5,5,0.484,5,77,53,19,8,0,0.44,0.262,0.237,-0.203,NYM,New York Mets,7:05 p.m. Local,Night,Nationals Park,Home,WSN,Washington Nationals,Away
41,WAS/WAS201905160,28807,7,38,0.78,0.9,-2.5,2,0.289,6.0,18,30,10,11,1,1,1,8.0,7,0.325,0.746,147,40,24,6,6,0.421,10,109,66,21,22,0,0.87,-0.335,-0.164,-1.034,"Thursday, May 16, 2019",3:16,6,35,1.58,2.5,-0.9,5,0.343,7.88,14,53,13,12,1,2,0,9.0,6,0.425,0.939,161,40,27,6,7,0.514,8,91,53,24,14,0,0.791,0.166,0.334,-0.457,NYM,New York Mets,1:05 p.m. Local,Day,Nationals Park,Home,WSN,Washington Nationals,Away
42,MIA/MIA201905170,9870,8,36,0.64,1.5,-4.0,5,0.333,6.0,19,26,12,12,1,0,0,8.0,7,0.405,1.099,143,42,24,6,6,0.694,6,88,53,21,14,0,0.624,-0.326,-0.175,-0.798,"Friday, May 17, 2019",3:01,9,34,1.03,4.0,-1.5,0,0.294,7.88,15,50,14,10,3,3,2,9.0,6,0.286,0.756,138,36,27,8,8,0.471,7,100,67,17,16,0,0.602,0.174,0.327,-0.275,NYM,New York Mets,7:10 p.m. Local,Night,Marlins Park,Home,MIA,Miami Marlins,Away
43,MIA/MIA201905180,13474,7,26,0.62,-4.5,2.0,3,0.038,0.0,6,47,11,1,1,3,0,8.0,3,0.138,0.215,143,29,24,0,0,0.077,9,80,56,14,10,0,0.178,0.054,-0.554,-0.732,"Saturday, May 18, 2019",2:38,12,29,1.02,-2.0,4.5,4,0.172,2.25,9,80,10,5,0,0,0,9.0,4,0.273,0.549,122,33,27,2,2,0.276,10,92,53,24,15,0,0.302,0.554,-0.054,-0.355,NYM,New York Mets,4:10 p.m. Local,Day,Marlins Park,Home,MIA,Miami Marlins,Away
44,MIA/MIA201905190,15983,10,27,0.78,-4.5,1.0,1,0.074,0.0,9,61,10,2,1,0,0,8.0,5,0.107,0.181,104,28,24,0,0,0.074,8,55,25,11,19,0,0.214,0.056,-0.556,-0.771,"Sunday, May 19, 2019",1:59,11,27,1.11,-1.0,4.5,1,0.222,3.38,14,90,9,6,0,,,9.0,6,0.267,0.674,89,30,27,2,3,0.407,5,69,41,19,9,0,0.385,0.556,-0.056,-0.439,NYM,New York Mets,1:10 p.m. Local,Day,Marlins Park,Home,MIA,Miami Marlins,Away
45,NYN/NYN201905200,22335,8,32,0.58,-1.4,-1.1,5,0.219,3.0,17,43,9,7,2,1,1,8.0,8,0.342,0.717,152,38,24,3,3,0.375,6,98,55,31,12,0,0.729,-0.179,-0.321,-1.052,"Monday, May 20, 2019",3:12,10,32,1.45,1.1,1.4,4,0.25,4.5,11,47,10,8,1,2,1,9.0,3,0.351,0.851,150,37,27,5,5,0.5,11,97,60,15,22,0,0.529,0.321,0.179,-0.349,WSN,Washington Nationals,7:10 p.m. Local,Night,Citi Field,Home,NYM,New York Mets,Home
46,NYN/NYN201905210,24631,11,32,1.78,0.6,-2.1,3,0.25,5.0,17,55,8,8,2,2,1,8.2,8,0.314,0.814,137,37,26,5,5,0.5,9,102,62,29,11,0,1.27,-0.901,0.4,-0.87,"Tuesday, May 21, 2019",3:05,7,32,1.46,2.1,-0.6,4,0.25,6.23,11,61,14,8,2,4,1,9.0,4,0.368,0.837,153,38,27,6,6,0.469,7,79,43,20,16,0,1.884,-0.401,0.902,-0.982,WSN,Washington Nationals,7:10 p.m. Local,Night,Citi Field,Home,NYM,New York Mets,Home
47,NYN/NYN201905220,27188,8,30,1.72,-3.4,-2.1,3,0.1,1.0,11,71,9,3,1,2,2,8.0,3,0.182,0.382,152,33,24,1,1,0.2,10,86,43,25,18,0,0.228,-0.202,-0.3,-0.526,"Wednesday, May 22, 2019",2:59,8,32,0.78,2.1,3.4,4,0.219,6.75,9,69,12,7,1,0,0,9.0,4,0.324,0.762,133,37,27,6,6,0.438,11,103,53,19,31,0,1.179,0.3,0.201,-0.978,WSN,Washington Nationals,7:10 p.m. Local,Night,Citi Field,Home,NYM,New York Mets,Home
48,NYN/NYN201905230,29962,6,37,1.39,-0.4,-2.1,3,0.351,4.0,12,60,14,13,1,0,0,8.0,6,0.4,0.914,125,40,24,3,4,0.514,11,108,59,36,13,0,1.335,-0.745,0.246,-1.09,"Thursday, May 23, 2019",2:53,10,28,1.47,2.1,0.4,3,0.25,5.62,15,53,7,7,0,0,0,9.0,7,0.324,0.716,150,34,27,6,6,0.393,8,81,52,14,15,0,1.419,-0.245,0.747,-0.671,WSN,Washington Nationals,12:10 p.m. Local,Day,Citi Field,Home,NYM,New York Mets,Home
49,NYN/NYN201905240,27082,14,40,1.21,4.6,-3.6,3,0.35,9.0,21,32,10,14,5,0,0,9.0,12,0.378,0.978,149,45,27,9,9,0.6,11,109,61,24,24,0,1.494,-0.327,0.826,-0.667,"Friday, May 24, 2019",3:12,5,37,1.1,3.6,-4.6,2,0.297,8.0,17,32,13,11,2,2,1,9.0,10,0.333,1.117,161,39,27,8,8,0.784,7,100,59,18,23,0,1.24,-0.828,0.327,-0.91,NYM,New York Mets,7:11 p.m. Local,Night,Citi Field,Away,DET,Detroit Tigers,Home
50,NYN/NYN201905250,40691,13,49,1.67,-2.3,0.8,7,0.286,2.77,20,62,19,14,3,0,0,12.0,6,0.368,0.736,164,57,36,4,4,0.367,11,145,82,41,22,0,1.776,0.014,-0.513,-2.288,"Saturday, May 25, 2019",4:11,16,44,2.07,-0.8,2.3,3,0.159,3.0,21,53,15,7,1,1,1,13.0,6,0.229,0.593,242,48,39,5,5,0.364,8,102,60,22,20,0,1.524,0.513,-0.014,-1.539,DET,Detroit Tigers,4:10 p.m. Local,Day,Citi Field,Home,NYM,New York Mets,Home
51,NYN/NYN201905260,31414,10,33,1.07,-1.4,-0.1,2,0.182,3.0,10,54,10,6,1,1,0,8.0,5,0.229,0.501,107,35,24,3,3,0.273,13,101,57,24,20,0,0.871,-0.122,-0.378,-1.249,"Sunday, May 26, 2019",2:33,9,30,2.03,0.1,1.4,1,0.267,4.5,9,63,13,8,1,2,0,9.0,3,0.313,0.713,143,32,27,4,4,0.4,8,74,51,9,14,0,0.733,0.378,0.121,-0.613,DET,Detroit Tigers,1:10 p.m. Local,Day,Citi Field,Home,NYM,New York Mets,Home
52,LAN/LAN201905270,47816,12,40,1.0,0.4,-4.9,2,0.375,5.0,17,46,14,15,3,4,2,8.0,5,0.405,1.055,167,42,24,5,5,0.65,9,100,66,17,17,0,0.841,-0.532,0.034,-0.808,"Monday, May 27, 2019",3:42,11,40,1.04,4.9,-0.4,2,0.425,10.12,18,44,20,17,2,4,0,9.0,8,0.455,1.13,160,44,27,9,9,0.675,3,110,71,26,13,0,1.105,-0.032,0.532,-0.573,NYM,New York Mets,5:10 p.m. Local,Night,Dodger Stadium,Home,LAD,Los Angeles Dodgers,Away
53,LAN/LAN201905280,45713,8,36,0.99,2.4,1.6,6,0.278,6.0,15,59,13,10,1,0,0,9.0,9,0.381,0.964,150,43,27,7,7,0.583,9,121,71,36,14,0,1.082,0.161,0.342,-0.741,"Tuesday, May 28, 2019",3:22,11,34,1.09,-1.6,-2.4,5,0.235,3.0,14,57,11,8,2,4,3,9.0,7,0.333,0.716,183,39,27,3,3,0.382,9,97,52,26,19,0,0.603,-0.34,-0.162,-0.767,LAD,Los Angeles Dodgers,7:10 p.m. Local,Night,Dodger Stadium,Away,NYM,New York Mets,Away
54,LAN/LAN201905290,40559,7,38,1.27,3.4,-5.3,3,0.342,8.0,22,49,9,13,3,0,0,8.1,11,0.39,1.153,176,42,25,8,8,0.763,8,111,71,15,25,0,0.779,-0.914,0.414,-0.366,"Wednesday, May 29, 2019",3:31,11,38,0.57,5.3,-3.4,4,0.395,9.72,25,38,9,15,4,0,0,9.0,10,0.442,1.284,168,43,27,9,9,0.842,5,118,72,24,22,0,1.543,-0.415,0.915,-0.628,NYM,New York Mets,7:10 p.m. Local,Night,Dodger Stadium,Home,LAD,Los Angeles Dodgers,Away
55,LAN/LAN201905300,47848,10,31,0.88,-4.6,2.1,1,0.129,0.0,12,64,10,4,0,2,0,8.0,9,0.182,0.343,126,33,24,0,0,0.161,9,84,44,20,20,0,0.313,0.163,-0.664,-0.977,"Thursday, May 30, 2019",2:47,8,31,1.33,-2.1,4.6,3,0.29,2.25,14,77,10,9,0,1,0,9.0,8,0.353,0.772,126,34,27,2,2,0.419,7,75,41,27,7,0,0.439,0.663,-0.162,-0.602,NYM,New York Mets,7:10 p.m. Local,Night,Dodger Stadium,Home,LAD,Los Angeles Dodgers,Away
56,ARI/ARI201905310,24664,3,37,1.64,0.2,0.8,3,0.351,5.0,14,56,15,13,2,0,0,9.0,8,0.4,0.859,135,41,27,5,5,0.459,8,93,54,22,17,1,1.162,0.191,0.308,-0.853,"Friday, May 31, 2019",3:14,13,35,1.33,-0.8,-0.2,2,0.229,4.0,19,45,7,8,0,0,0,9.0,6,0.27,0.727,147,37,27,4,4,0.457,9,95,56,24,15,0,0.976,-0.309,-0.191,-1.167,ARI,Arizona Diamondbacks,6:40 p.m. Local,Night,Chase Field,Away,NYM,New York Mets,Away
57,ARI/ARI201906010,34888,7,40,1.63,-0.9,-1.3,2,0.225,4.09,13,66,18,9,1,4,1,10.1,7,0.262,0.662,159,42,31,5,5,0.4,9,107,62,27,18,0,0.503,-0.227,-0.274,-0.777,"Saturday, June 1, 2019",3:42,17,38,0.9,1.3,0.9,3,0.289,5.23,16,33,12,11,2,0,0,11.0,5,0.349,0.796,163,45,33,5,6,0.447,13,103,56,22,25,0,1.315,0.273,0.226,-1.088,NYM,New York Mets,7:09 p.m. Local,Night,Chase Field,Home,ARI,Arizona Diamondbacks,Away
58,ARI/ARI201906020,26945,9,32,0.48,-3.8,-2.7,0,0.188,1.0,8,39,13,6,2,2,2,8.0,3,0.188,0.469,137,32,24,1,1,0.281,11,75,45,15,15,0,0.21,-0.211,-0.289,-0.498,"Sunday, June 2, 2019",2:37,11,34,0.69,2.7,3.8,4,0.294,7.88,16,73,13,10,1,1,0,9.0,4,0.368,0.898,118,38,27,7,7,0.529,5,86,49,22,15,0,0.484,0.29,0.21,-0.272,NYM,New York Mets,1:10 p.m. Local,Day,Chase Field,Home,ARI,Arizona Diamondbacks,Away
59,NYN/NYN201906040,24878,10,43,1.22,4.1,1.9,5,0.326,8.1,17,51,17,14,2,0,0,10.0,9,0.396,0.814,158,48,30,9,9,0.419,9,119,64,33,22,0,1.311,0.158,0.341,-0.971,"Tuesday, June 4, 2019",3:35,13,38,1.46,-1.9,-4.1,2,0.263,2.7,17,53,12,10,0,3,3,10.0,9,0.317,0.738,186,41,30,3,3,0.421,9,104,60,23,21,0,0.821,-0.342,-0.158,-0.981,NYM,New York Mets,7:11 p.m. Local,Night,Citi Field,Away,SFG,San Francisco Giants,Home
60,NYN/NYN201906050,23357,7,30,0.43,-4.4,-3.1,1,0.167,0.0,11,36,11,5,3,0,0,8.0,7,0.194,0.394,154,31,24,0,0,0.2,8,79,44,25,10,0,0.17,-0.237,-0.264,-0.433,"Wednesday, June 5, 2019",2:41,14,31,0.59,3.1,4.4,4,0.258,6.75,15,84,8,8,0,,,9.0,6,0.351,0.932,117,37,27,7,7,0.581,9,96,58,17,21,0,0.473,0.263,0.24,-0.236,SFG,San Francisco Giants,7:10 p.m. Local,Night,Citi Field,Home,NYM,New York Mets,Home
61,NYN/NYN201906060,28857,15,30,1.27,-1.4,-3.1,1,0.1,3.0,16,48,5,3,3,3,1,8.0,3,0.156,0.456,124,32,24,3,3,0.3,9,94,61,17,16,0,0.453,-0.404,-0.095,-0.55,"Thursday, June 6, 2019",2:43,4,33,0.82,3.1,1.4,4,0.394,7.88,13,64,18,13,2,0,0,9.0,7,0.474,1.171,131,39,27,7,7,0.697,3,73,51,14,8,0,1.187,0.096,0.405,-0.782,SFG,San Francisco Giants,12:10 p.m. Local,Day,Citi Field,Home,NYM,New York Mets,Home
62,NYN/NYN201906070,27520,14,37,0.98,0.6,3.4,1,0.27,5.0,17,58,5,10,1,0,0,9.0,6,0.308,0.821,134,39,27,5,5,0.514,15,109,68,17,27,0,0.648,0.382,0.118,-0.529,"Friday, June 7, 2019",3:03,4,32,0.73,-3.4,-0.6,2,0.188,1.0,14,61,15,6,2,2,0,9.0,8,0.235,0.579,163,34,27,1,1,0.344,3,84,57,20,7,0,0.398,-0.119,-0.381,-0.778,NYM,New York Mets,7:10 p.m. Local,Night,Citi Field,Away,COL,Colorado Rockies,Home
63,NYN/NYN201906080,29077,8,33,0.95,-1.4,-1.1,2,0.212,2.0,9,42,10,7,2,2,0,8.0,5,0.297,0.509,125,38,24,2,3,0.212,15,103,53,29,21,0,0.702,-0.258,-0.243,-0.944,"Saturday, June 8, 2019",2:59,8,31,1.43,1.1,1.4,4,0.29,5.62,13,58,8,9,0,0,0,9.0,6,0.389,0.937,156,36,27,4,5,0.548,10,85,41,20,24,0,0.795,0.243,0.259,-0.536,COL,Colorado Rockies,7:16 p.m. Local,Night,Citi Field,Home,NYM,New York Mets,Home
64,NYN/NYN201906090,29531,9,28,0.35,-3.4,-2.1,3,0.071,1.0,11,31,8,2,1,1,0,8.0,3,0.161,0.268,101,31,24,1,1,0.107,9,92,54,17,21,0,0.068,-0.262,-0.239,-0.308,"Sunday, June 9, 2019",2:32,7,31,0.41,2.1,3.4,2,0.258,6.75,13,80,7,8,0,0,0,9.0,7,0.303,0.787,131,33,27,6,6,0.484,11,71,40,17,14,0,0.433,0.238,0.262,-0.171,COL,Colorado Rockies,1:11 p.m. Local,Day,Citi Field,Home,NYM,New York Mets,Home
65,NYA/NYA201906111,41538,10,38,0.68,0.1,-7.7,0,0.237,4.0,13,21,16,9,3,1,0,8.0,8,0.237,0.579,167,38,24,5,5,0.342,9,103,58,26,19,0,0.525,-0.623,0.123,-0.4,"Tuesday, June 11, 2019",3:09,8,40,0.63,7.7,-0.1,3,0.375,9.0,21,49,12,15,1,1,0,9.0,10,0.419,1.194,140,43,27,12,12,0.775,7,104,60,26,18,0,1.027,-0.123,0.622,-0.405,NYM,New York Mets,1:09 p.m. Local,Day,Yankee Stadium III,Home,NYY,New York Yankees,Away
66,NYA/NYA201906112,44698,7,38,0.6,5.1,0.9,5,0.289,9.0,19,47,13,11,1,0,0,9.0,7,0.386,0.965,144,44,27,10,10,0.579,6,115,85,19,11,0,0.603,0.073,0.429,-0.173,"Tuesday, June 11, 2019",3:20,12,36,0.36,-0.9,-5.1,3,0.25,4.0,15,19,13,9,3,2,0,9.0,8,0.308,0.641,190,39,27,4,4,0.333,8,90,48,24,18,0,0.282,-0.428,-0.072,-0.356,NYY,New York Yankees,7:09 p.m. Local,Night,Yankee Stadium III,Away,NYM,New York Mets,Away
67,NYN/NYN201906130,31862,8,37,1.01,0.1,0.9,1,0.27,4.5,13,46,14,10,1,3,1,10.0,8,0.308,0.713,149,39,30,5,5,0.405,10,114,70,23,21,0,1.245,0.11,0.389,-0.855,"Thursday, June 13, 2019",3:02,14,34,1.4,-0.9,-0.1,2,0.176,3.6,13,65,6,6,1,0,0,10.0,7,0.216,0.51,172,37,30,4,4,0.294,15,95,45,23,27,1,0.578,-0.389,-0.111,-0.688,NYM,New York Mets,7:11 p.m. Local,Night,Citi Field,Away,STL,St. Louis Cardinals,Home
68,NYN/NYN201906140,28560,12,33,1.44,4.6,-0.6,4,0.242,8.0,21,53,7,8,1,4,3,9.0,9,0.316,1.013,140,39,27,9,9,0.697,7,109,65,31,13,0,1.328,-0.338,0.839,-0.49,"Friday, June 14, 2019",3:05,7,36,0.97,0.6,-4.6,4,0.25,3.0,13,56,17,9,4,0,0,9.0,6,0.341,0.703,177,41,27,5,5,0.361,6,89,53,26,10,0,1.259,-0.839,0.337,-0.922,NYM,New York Mets,7:10 p.m. Local,Night,Citi Field,Away,STL,St. Louis Cardinals,Home
69,NYN/NYN201906150,32589,4,35,0.47,2.6,-4.1,4,0.343,6.0,16,29,12,12,2,5,0,8.0,7,0.405,0.89,140,42,24,7,7,0.486,9,96,47,31,18,0,0.811,-0.405,-0.095,-0.906,"Saturday, June 15, 2019",3:33,8,34,1.21,4.1,-2.6,3,0.294,7.88,19,45,8,10,1,2,2,9.0,7,0.39,0.92,157,41,27,8,8,0.529,8,87,59,15,13,0,0.623,0.097,0.407,-0.219,STL,St. Louis Cardinals,7:11 p.m. Local,Night,Citi Field,Home,NYM,New York Mets,Home
70,NYN/NYN201906160,37054,14,31,1.54,-0.4,1.4,4,0.097,3.0,12,44,10,3,0,0,0,9.0,3,0.2,0.49,146,35,27,3,4,0.29,9,99,53,32,14,0,0.786,0.429,0.071,-0.715,"Sunday, June 16, 2019",3:09,9,33,1.1,-1.4,0.4,3,0.303,3.0,16,51,11,10,2,0,0,9.0,11,0.361,0.725,162,36,27,3,3,0.364,6,86,59,16,11,0,0.778,-0.073,-0.429,-1.207,NYM,New York Mets,1:10 p.m. Local,Day,Citi Field,Away,STL,St. Louis Cardinals,Home
71,ATL/ATL201906170,24660,9,32,0.77,-2.0,-7.6,4,0.219,3.0,12,36,15,7,3,4,3,8.0,8,0.306,0.649,177,36,24,3,3,0.344,5,77,51,15,11,0,0.497,-0.364,-0.135,-0.631,"Monday, June 17, 2019",3:05,14,40,0.94,7.6,2.0,7,0.4,12.38,23,49,12,16,1,1,0,9.0,13,0.489,1.114,116,47,27,11,12,0.625,5,106,73,19,14,0,0.892,0.135,0.366,-0.527,NYM,New York Mets,7:21 p.m. Local,Night,SunTrust Park,Home,ATL,Atlanta Braves,Away
72,ATL/ATL201906180,24791,6,40,0.3,5.0,3.0,8,0.375,10.0,16,75,14,15,2,0,0,9.0,5,0.479,1.229,123,48,27,10,10,0.75,10,106,62,20,24,0,0.608,0.203,0.297,-0.311,"Tuesday, June 18, 2019",3:04,8,32,0.49,-3.0,-5.0,0,0.156,2.0,13,22,7,5,3,0,0,9.0,5,0.182,0.557,170,33,27,2,2,0.375,12,83,50,17,16,0,0.046,-0.297,-0.204,-0.251,ATL,Atlanta Braves,7:30 p.m. Local,Night,SunTrust Park,Away,NYM,New York Mets,Away
73,ATL/ATL201906190,37104,12,34,0.73,-3.0,-2.6,2,0.265,2.0,14,33,12,9,2,3,2,8.0,11,0.306,0.688,153,36,24,2,2,0.382,8,90,52,23,15,0,0.43,-0.232,-0.269,-0.698,"Wednesday, June 19, 2019",3:03,13,32,1.01,2.6,3.0,5,0.281,7.88,15,53,12,9,0,1,0,9.0,8,0.378,0.941,144,37,27,7,7,0.563,5,89,56,17,16,0,0.71,0.269,0.231,-0.478,NYM,New York Mets,7:20 p.m. Local,Night,SunTrust Park,Home,ATL,Atlanta Braves,Away
74,CHN/CHN201906200,38956,9,32,0.7,-0.9,-2.7,3,0.219,3.0,10,24,14,7,1,1,1,8.0,6,0.306,0.712,152,36,24,3,4,0.406,8,88,47,27,14,0,0.582,-0.41,-0.091,-0.674,"Thursday, June 20, 2019",2:59,12,30,0.93,2.7,0.9,5,0.233,7.88,8,40,12,7,2,1,0,9.0,3,0.343,0.81,140,36,27,6,7,0.467,11,97,48,22,27,0,0.761,0.092,0.409,-0.352,NYM,New York Mets,7:06 p.m. Local,Night,Wrigley Field,Home,CHC,Chicago Cubs,Away
75,CHN/CHN201906210,41078,10,33,1.4,0.1,0.9,4,0.212,5.0,12,45,10,7,1,1,0,9.0,4,0.297,0.722,150,37,27,4,5,0.424,11,88,45,25,18,0,0.888,0.335,0.164,-0.723,"Friday, June 21, 2019",3:11,9,33,1.08,-0.9,-0.1,2,0.182,2.0,16,52,11,6,2,1,1,9.0,7,0.229,0.532,137,35,27,4,4,0.303,6,96,59,24,15,0,0.653,-0.166,-0.336,-0.987,CHC,Chicago Cubs,1:23 p.m. Local,Day,Wrigley Field,Away,NYM,New York Mets,Away
76,CHN/CHN201906220,41106,10,37,0.44,5.1,2.9,4,0.324,8.0,14,67,19,12,0,0,0,9.0,7,0.39,1.039,134,42,27,10,10,0.649,5,97,58,25,14,0,0.575,0.164,0.335,-0.239,"Saturday, June 22, 2019",3:01,17,31,0.35,-2.9,-5.1,4,0.194,1.0,13,11,12,6,3,0,0,9.0,6,0.286,0.512,148,36,27,0,2,0.226,7,85,63,12,10,0,0.198,-0.337,-0.165,-0.362,CHC,Chicago Cubs,1:23 p.m. Local,Day,Wrigley Field,Away,NYM,New York Mets,Away
77,CHN/CHN201906230,39077,9,29,1.46,-1.9,-0.7,3,0.241,3.0,14,57,10,7,1,0,0,8.0,4,0.313,0.83,161,34,24,3,3,0.517,7,80,44,19,18,0,0.594,-0.345,-0.156,-0.75,"Sunday, June 23, 2019",2:49,9,33,1.05,0.7,1.9,2,0.364,5.62,10,54,12,12,2,0,0,9.0,5,0.4,0.915,121,35,27,5,5,0.515,11,105,59,18,28,0,1.209,0.156,0.344,-0.865,NYM,New York Mets,1:23 p.m. Local,Day,Wrigley Field,Home,CHC,Chicago Cubs,Away
78,PHI/PHI201906240,29117,4,39,0.72,2.1,-8.7,3,0.385,7.0,22,13,12,15,4,0,0,8.0,12,0.432,1.175,162,44,24,7,7,0.744,6,105,66,22,17,0,0.922,-0.8,0.299,-0.621,"Monday, June 24, 2019",3:18,8,43,0.95,8.7,-2.1,4,0.442,14.62,27,24,14,19,4,0,0,9.0,15,0.489,1.327,156,47,27,13,13,0.837,2,101,65,23,13,0,1.256,-0.3,0.801,-0.458,NYM,New York Mets,7:06 p.m. Local,Night,Citizens Bank Park,Home,PHI,Philadelphia Phillies,Away
79,PHI/PHI201906250,28125,10,38,0.84,0.1,-2.7,4,0.316,5.0,17,44,16,12,4,3,2,8.0,10,0.372,0.898,134,43,24,5,5,0.526,6,85,51,19,15,0,0.977,-0.492,-0.009,-0.985,"Tuesday, June 25, 2019",3:07,9,33,1.28,2.7,-0.1,3,0.242,7.88,13,34,13,8,2,2,0,9.0,4,0.324,0.961,148,37,27,7,7,0.636,7,86,43,32,11,0,1.0,0.008,0.492,-0.508,NYM,New York Mets,7:07 p.m. Local,Night,Citizens Bank Park,Home,PHI,Philadelphia Phillies,Away
80,PHI/PHI201906260,29822,4,39,1.58,-1.4,-1.6,4,0.256,3.6,23,67,10,10,1,1,1,9.0,9,0.326,0.787,146,43,27,4,4,0.462,6,93,65,16,14,0,0.675,-0.176,-0.324,-1.0,"Wednesday, June 26, 2019",3:21,8,37,1.09,1.6,1.4,5,0.243,5.0,16,35,6,9,2,3,0,10.0,6,0.333,0.766,151,42,30,5,5,0.432,15,97,47,26,24,0,1.121,0.325,0.175,-0.946,NYM,New York Mets,7:06 p.m. Local,Night,Citizens Bank Park,Home,PHI,Philadelphia Phillies,Away
81,PHI/PHI201906270,39161,7,33,1.34,-1.9,-1.4,1,0.152,3.0,8,69,14,5,3,0,0,8.1,4,0.2,0.442,177,35,25,3,3,0.242,11,90,48,26,16,0,0.978,-0.638,0.139,-0.841,"Thursday, June 27, 2019",3:24,9,30,1.31,1.4,1.9,5,0.2,6.48,11,84,11,6,1,2,1,9.0,4,0.333,0.833,140,38,27,6,6,0.5,10,114,73,26,15,0,1.385,-0.139,0.637,-0.746,NYM,New York Mets,1:07 p.m. Local,Day,Citizens Bank Park,Home,PHI,Philadelphia Phillies,Away
82,NYN/NYN201906280,36421,9,35,1.39,1.6,2.4,2,0.257,6.0,16,55,9,9,1,2,0,9.0,9,0.308,0.708,138,39,27,6,6,0.4,11,98,56,23,19,0,0.636,0.255,0.244,-0.392,"Friday, June 28, 2019",2:55,7,36,0.8,-2.4,-1.6,0,0.25,2.0,12,53,16,9,1,0,0,9.0,6,0.25,0.583,149,36,27,2,2,0.333,8,96,69,14,13,0,0.668,-0.245,-0.255,-0.924,NYM,New York Mets,7:13 p.m. Local,Night,Citi Field,Away,ATL,Atlanta Braves,Home
83,NYN/NYN201906290,40809,9,38,1.99,0.6,0.4,1,0.342,5.0,16,43,13,13,1,3,1,9.0,10,0.39,0.969,166,41,27,5,5,0.579,9,92,60,16,16,0,1.098,0.147,0.353,-0.745,"Saturday, June 29, 2019",3:39,10,36,1.08,-0.4,-0.6,4,0.222,4.0,14,45,13,8,2,1,0,9.0,7,0.333,0.722,143,42,27,4,4,0.389,9,107,69,23,15,0,1.315,-0.354,-0.148,-1.462,NYM,New York Mets,4:32 p.m. Local,Day,Citi Field,Away,ATL,Atlanta Braves,Home
84,NYN/NYN201906300,31743,8,36,1.86,0.6,-4.1,3,0.278,5.0,16,44,10,10,1,3,2,8.0,6,0.333,0.778,132,39,24,5,5,0.444,10,104,57,22,28,0,1.082,-0.767,0.27,-0.813,"Sunday, June 30, 2019",3:27,8,35,1.31,4.1,-0.6,2,0.371,9.0,11,45,16,13,1,4,0,9.0,5,0.41,0.896,159,39,27,8,8,0.486,9,90,45,26,19,0,1.634,-0.268,0.768,-0.867,ATL,Atlanta Braves,7:08 p.m. Local,Night,Citi Field,Home,NYM,New York Mets,Home
85,NYN/NYN201907020,42150,10,31,1.67,-2.4,-0.1,2,0.194,2.0,7,53,16,6,1,3,2,8.0,3,0.242,0.468,139,35,24,2,2,0.226,10,105,62,29,14,0,0.432,-0.295,-0.207,-0.639,"Tuesday, July 2, 2019",3:11,11,33,1.01,0.1,2.4,3,0.333,3.38,11,62,17,11,0,0,0,9.0,6,0.389,0.874,166,36,27,4,4,0.485,5,83,51,15,17,0,1.275,0.206,0.295,-0.979,NYY,New York Yankees,7:11 p.m. Local,Night,Citi Field,Home,NYM,New York Mets,Home
86,NYN/NYN201907030,43323,8,36,0.77,0.6,3.4,4,0.278,5.0,12,64,13,10,1,0,0,9.0,7,0.35,0.878,137,40,27,5,5,0.528,11,103,50,33,20,0,0.694,0.332,0.166,-0.526,"Wednesday, July 3, 2019",3:17,10,33,0.73,-3.4,-0.6,0,0.212,1.0,11,46,13,7,2,2,0,9.0,4,0.212,0.545,181,34,27,1,1,0.333,10,97,53,21,23,0,0.227,-0.168,-0.333,-0.563,NYM,New York Mets,7:12 p.m. Local,Night,Citi Field,Away,NYY,New York Yankees,Home
87,NYN/NYN201907050,32546,5,36,1.07,2.6,2.4,5,0.25,7.0,13,50,10,9,1,0,0,9.0,4,0.341,0.786,127,41,27,7,7,0.444,13,102,58,20,24,0,1.19,0.229,0.271,-0.917,"Friday, July 5, 2019",3:15,4,33,1.28,-2.4,-2.6,1,0.212,2.0,19,70,7,7,1,4,2,9.0,8,0.257,0.59,156,35,27,2,2,0.333,7,85,50,21,16,0,0.519,-0.271,-0.23,-0.747,NYM,New York Mets,7:10 p.m. Local,Night,Citi Field,Away,PHI,Philadelphia Phillies,Home
88,NYN/NYN201907060,31350,13,38,1.28,0.6,-2.1,3,0.316,5.0,15,23,16,12,0,1,0,8.0,9,0.381,0.881,129,42,24,5,5,0.5,7,101,58,30,13,0,1.166,-0.378,-0.123,-1.287,"Saturday, July 6, 2019",3:22,11,34,1.66,2.1,-0.6,1,0.353,5.62,16,37,13,12,2,2,1,9.0,9,0.421,0.892,154,38,27,5,6,0.471,5,78,54,18,8,0,1.092,0.121,0.378,-0.716,PHI,Philadelphia Phillies,8:01 p.m. Local,Night,Citi Field,Home,NYM,New York Mets,Home
89,NYN/NYN201907070,34247,10,38,0.52,3.6,1.4,2,0.342,8.0,20,65,8,13,2,2,0,9.0,8,0.39,1.022,134,41,27,8,8,0.632,10,105,64,31,10,0,0.484,0.211,0.288,-0.195,"Sunday, July 7, 2019",3:20,7,33,0.39,-1.4,-3.6,4,0.152,2.0,15,32,12,5,3,0,0,9.0,5,0.243,0.607,166,37,27,3,3,0.364,6,91,50,26,15,0,0.182,-0.289,-0.212,-0.394,NYM,New York Mets,1:10 p.m. Local,Day,Citi Field,Away,PHI,Philadelphia Phillies,Home
90,MIA/MIA201907120,11856,12,31,0.51,-0.5,-4.0,5,0.161,4.0,15,33,5,5,3,2,1,8.0,6,0.278,0.536,130,36,24,4,4,0.258,11,94,50,24,20,0,0.415,-0.367,-0.133,-0.545,"Friday, July 12, 2019",2:57,5,29,0.85,4.0,0.5,2,0.276,9.0,16,59,11,8,1,0,0,9.0,6,0.353,1.043,154,34,27,8,8,0.69,3,76,47,22,8,0,0.596,0.134,0.366,-0.228,NYM,New York Mets,7:11 p.m. Local,Night,Marlins Park,Home,MIA,Miami Marlins,Away
91,MIA/MIA201907130,12963,10,33,1.23,-0.5,2.5,6,0.242,4.0,15,68,6,8,0,0,0,9.0,5,0.359,0.814,132,39,27,4,4,0.455,12,103,51,24,28,0,0.859,0.366,0.132,-0.727,"Saturday, July 13, 2019",3:05,7,33,0.98,-2.5,0.5,0,0.182,2.0,7,51,14,6,2,0,0,9.0,6,0.206,0.479,161,34,27,2,2,0.273,12,88,38,24,26,0,0.502,-0.134,-0.367,-0.871,MIA,Miami Marlins,6:10 p.m. Local,Night,Marlins Park,Away,NYM,New York Mets,Away
92,MIA/MIA201907140,14780,11,38,1.22,1.5,2.5,2,0.316,6.0,18,54,14,12,1,3,0,9.0,5,0.372,0.898,164,43,27,6,6,0.526,7,102,60,13,29,0,0.705,0.282,0.219,-0.488,"Sunday, July 14, 2019",3:16,6,36,0.86,-2.5,-1.5,5,0.306,2.0,13,42,14,11,2,0,0,9.0,6,0.39,0.807,145,41,27,2,2,0.417,9,102,53,31,18,0,0.587,-0.218,-0.282,-0.868,MIA,Miami Marlins,1:11 p.m. Local,Day,Marlins Park,Away,NYM,New York Mets,Away
93,MIN/MIN201907160,28712,10,32,2.16,-2.0,3.0,2,0.219,1.0,13,45,15,7,1,3,0,9.0,8,0.257,0.507,163,35,27,2,3,0.25,5,76,50,13,13,0,0.595,0.649,-0.147,-0.741,"Tuesday, July 16, 2019",3:13,14,33,1.0,-3.0,2.0,5,0.242,2.0,17,55,11,8,0,1,0,9.0,9,0.359,0.753,123,39,27,2,2,0.394,5,91,58,17,18,0,0.929,0.146,-0.645,-1.572,MIN,Minnesota Twins,7:11 p.m. Local,Night,Target Field,Away,NYM,New York Mets,Away
94,MIN/MIN201907170,35124,9,45,0.77,9.0,1.0,2,0.378,7.0,16,53,21,17,2,0,0,9.0,6,0.417,1.172,136,48,27,11,14,0.756,8,118,78,22,18,0,1.198,0.057,0.442,-0.755,"Wednesday, July 17, 2019",3:16,14,34,0.95,-1.0,-9.0,2,0.235,4.0,18,59,9,8,3,0,0,9.0,9,0.278,0.748,166,36,27,4,4,0.471,7,93,59,24,10,0,0.52,-0.442,-0.057,-0.575,MIN,Minnesota Twins,12:47 p.m. Local,Day,Target Field,Away,NYM,New York Mets,Away
95,SFN/SFN201907180,36862,14,56,1.99,-5.9,2.6,4,0.196,1.12,20,68,20,11,0,0,0,15.0,9,0.25,0.554,242,60,45,1,2,0.304,16,139,78,32,29,0,1.241,0.578,-1.078,-2.317,"Thursday, July 18, 2019",4:47,19,56,1.91,-2.6,5.9,4,0.25,1.8,24,78,15,14,1,2,0,16.0,10,0.306,0.681,211,62,48,3,3,0.375,18,166,104,27,35,0,1.709,1.078,-0.577,-2.288,NYM,New York Mets,6:45 p.m. Local,Night,Oracle Park,Home,SFG,San Francisco Giants,Away
96,SFN/SFN201907190,32861,6,33,1.69,-5.0,3.7,1,0.091,0.0,13,78,11,3,0,0,0,9.2,5,0.143,0.264,165,35,29,0,0,0.121,9,78,41,18,19,0,0.183,0.321,-0.82,-1.003,"Friday, July 19, 2019",2:51,10,31,1.27,-3.7,5.0,7,0.097,0.0,14,80,5,3,0,0,0,10.0,3,0.263,0.392,113,39,30,0,1,0.129,13,100,62,17,24,0,0.907,0.822,-0.321,-1.227,NYM,New York Mets,7:14 p.m. Local,Night,Oracle Park,Home,SFG,San Francisco Giants,Away
97,SFN/SFN201907200,33860,14,42,0.62,6.5,0.5,1,0.405,11.0,20,56,12,17,2,0,0,9.0,6,0.432,1.17,114,44,27,11,11,0.738,10,112,74,21,17,0,0.652,0.223,0.276,-0.377,"Saturday, July 20, 2019",2:50,7,34,0.49,-0.5,-6.5,0,0.265,4.0,15,46,12,9,4,0,0,9.0,7,0.286,0.727,164,35,27,4,4,0.441,7,81,46,23,12,0,0.233,-0.275,-0.227,-0.459,SFG,San Francisco Giants,1:06 p.m. Local,Day,Oracle Park,Away,NYM,New York Mets,Away
98,SFN/SFN201907210,35406,12,39,1.64,-4.0,2.7,4,0.128,1.5,15,57,11,5,1,2,0,11.1,5,0.209,0.517,164,44,34,2,2,0.308,14,121,69,29,23,0,0.546,0.363,-0.864,-1.409,"Sunday, July 21, 2019",3:28,11,40,1.51,-2.7,4.0,3,0.175,2.38,18,57,12,7,2,0,0,12.0,7,0.25,0.55,186,44,36,3,3,0.3,10,107,61,28,18,0,1.151,0.863,-0.362,-1.515,NYM,New York Mets,1:05 p.m. Local,Day,Oracle Park,Home,SFG,San Francisco Giants,Away
99,NYN/NYN201907230,33199,6,30,0.59,-2.4,-1.1,7,0.167,2.0,13,47,9,5,3,1,0,8.0,3,0.316,0.516,123,38,24,2,2,0.2,9,100,53,29,18,0,0.406,-0.077,-0.424,-0.83,"Tuesday, July 23, 2019",3:02,6,31,1.05,1.1,2.4,3,0.258,5.62,19,74,8,8,0,4,1,9.0,8,0.343,0.891,171,35,27,5,5,0.548,4,83,57,15,11,0,0.437,0.423,0.077,-0.362,SDP,San Diego Padres,7:12 p.m. Local,Night,Citi Field,Home,NYM,New York Mets,Home
100,NYN/NYN201907240,32252,8,35,1.18,2.6,2.4,6,0.4,6.0,15,51,13,14,0,0,0,9.0,7,0.465,0.979,169,43,27,7,7,0.514,9,97,48,33,16,0,0.831,0.265,0.233,-0.595,"Wednesday, July 24, 2019",3:20,11,31,0.81,-2.4,-2.6,5,0.161,2.0,10,50,8,5,0,3,1,9.0,6,0.278,0.536,145,36,27,2,2,0.258,13,107,61,25,21,0,0.482,-0.236,-0.265,-0.747,NYM,New York Mets,7:10 p.m. Local,Night,Citi Field,Away,SDP,San Diego Padres,Home
101,NYN/NYN201907250,37822,10,33,0.34,-4.4,-0.1,1,0.182,0.0,11,27,9,6,0,2,0,8.0,6,0.206,0.388,134,34,24,0,0,0.182,13,93,50,20,23,0,0.094,-0.225,-0.277,-0.371,"Thursday, July 25, 2019",2:49,7,34,0.5,0.1,4.4,6,0.353,4.5,13,77,16,12,0,1,0,9.0,7,0.452,0.864,140,42,27,4,4,0.412,6,82,53,19,10,0,0.403,0.276,0.224,-0.179,SDP,San Diego Padres,12:10 p.m. Local,Day,Citi Field,Home,NYM,New York Mets,Home
102,NYN/NYN201907260,33776,6,34,0.53,-1.4,-2.1,1,0.206,3.0,15,41,9,7,4,0,0,8.0,5,0.229,0.552,108,35,24,3,3,0.324,10,81,50,18,13,0,0.613,-0.36,-0.141,-0.752,"Friday, July 26, 2019",2:21,7,30,1.11,2.1,1.4,0,0.2,6.75,20,53,6,6,1,1,0,9.0,2,0.226,0.892,117,31,27,6,6,0.667,4,78,50,21,7,0,0.615,0.14,0.36,-0.254,PIT,Pittsburgh Pirates,7:11 p.m. Local,Night,Citi Field,Home,NYM,New York Mets,Home
103,NYN/NYN201907270,39944,7,31,0.75,-4.4,0.9,0,0.161,0.0,10,66,14,5,2,0,0,8.0,4,0.161,0.387,115,31,24,0,0,0.226,7,67,41,19,7,0,0.337,0.018,-0.519,-0.854,"Saturday, July 27, 2019",2:10,15,28,1.1,-0.9,4.4,2,0.107,2.25,13,84,7,3,0,,,9.0,2,0.167,0.524,99,30,27,3,3,0.357,8,77,41,15,21,0,0.415,0.518,-0.019,-0.433,PIT,Pittsburgh Pirates,7:11 p.m. Local,Night,Citi Field,Home,NYM,New York Mets,Home
104,NYN/NYN201907280,32976,6,37,0.37,2.6,-4.1,5,0.243,7.0,17,35,12,9,1,0,0,8.0,4,0.333,0.847,153,42,24,6,7,0.514,8,102,55,26,21,0,0.369,-0.384,-0.116,-0.483,"Sunday, July 28, 2019",3:21,5,32,0.63,4.1,-2.6,5,0.25,5.62,16,47,10,8,3,2,1,9.0,5,0.375,0.75,166,40,27,7,8,0.375,7,96,53,27,16,0,0.504,0.117,0.384,-0.12,PIT,Pittsburgh Pirates,1:12 p.m. Local,Day,Citi Field,Home,NYM,New York Mets,Home
105,CHA/CHA201907300,15947,12,43,2.33,-0.9,3.9,4,0.279,4.09,17,76,19,12,0,5,0,11.0,10,0.354,0.796,158,49,33,5,5,0.442,8,118,77,23,18,0,1.013,0.417,0.083,-0.929,"Tuesday, July 30, 2019",3:51,17,37,1.2,-3.9,0.9,3,0.162,0.82,7,50,16,6,2,1,1,11.0,3,0.238,0.427,187,42,33,1,2,0.189,15,103,55,19,29,0,1.336,-0.084,-0.416,-1.751,CHW,Chicago White Sox,7:12 p.m. Local,Night,Guaranteed Rate Field,Away,NYM,New York Mets,Away
106,CHA/CHA201907310,25812,6,34,1.54,-0.8,2.8,5,0.176,1.0,14,72,9,6,1,0,0,9.0,5,0.282,0.488,159,39,27,4,4,0.206,11,90,53,18,19,0,1.028,0.462,0.038,-0.988,"Wednesday, July 31, 2019",3:27,8,34,1.51,-2.8,0.8,3,0.235,2.0,12,73,8,8,0,2,0,9.0,6,0.289,0.642,144,38,27,2,2,0.353,15,103,52,25,26,0,0.511,-0.038,-0.462,-0.973,CHW,Chicago White Sox,7:11 p.m. Local,Night,Guaranteed Rate Field,Away,NYM,New York Mets,Away
107,CHA/CHA201908010,23477,11,32,0.75,-0.8,4.8,3,0.25,4.0,12,76,13,8,0,0,0,9.0,7,0.314,0.689,115,35,27,4,4,0.375,7,82,51,18,13,0,0.55,0.44,0.06,-0.49,"Thursday, August 1, 2019",2:32,13,30,0.72,-4.8,0.8,1,0.133,0.0,9,51,13,4,1,0,0,9.0,4,0.161,0.295,140,31,27,0,0,0.133,8,78,38,20,20,0,0.11,-0.061,-0.44,-0.549,CHW,Chicago White Sox,1:11 p.m. Local,Day,Guaranteed Rate Field,Away,NYM,New York Mets,Away
108,PIT/PIT201908020,24311,7,35,0.75,-0.6,-3.9,3,0.257,3.0,15,32,15,9,1,1,0,8.0,9,0.316,0.659,151,39,24,3,4,0.343,6,102,61,25,16,0,0.625,-0.497,-0.003,-0.63,"Friday, August 2, 2019",3:11,13,32,0.91,3.9,0.6,6,0.312,9.0,16,47,11,10,0,1,1,9.0,6,0.421,0.859,155,39,27,8,8,0.438,6,86,51,23,12,0,0.84,0.003,0.497,-0.342,NYM,New York Mets,7:07 p.m. Local,Night,PNC Park,Home,PIT,Pittsburgh Pirates,Away
109,PIT/PIT201908030,37335,11,38,1.19,2.4,-0.4,3,0.289,4.0,13,38,15,11,1,5,1,9.0,7,0.357,0.91,163,42,27,7,7,0.553,10,105,59,23,23,0,1.287,0.143,0.359,-0.929,"Saturday, August 3, 2019",3:21,9,35,1.34,0.4,-2.4,5,0.286,5.0,16,62,10,10,2,1,0,9.0,11,0.39,0.79,148,41,27,5,5,0.4,9,97,54,26,17,0,0.748,-0.358,-0.143,-0.892,PIT,Pittsburgh Pirates,7:07 p.m. Local,Night,PNC Park,Away,NYM,New York Mets,Away
110,PIT/PIT201908040,22716,13,43,0.28,8.4,2.6,2,0.372,11.0,17,69,15,16,1,0,0,9.0,8,0.413,1.134,110,46,27,11,13,0.721,11,107,58,26,23,0,0.5,0.13,0.369,-0.131,"Sunday, August 4, 2019",2:51,9,31,0.23,-2.6,-8.4,1,0.129,2.0,10,13,16,4,3,1,0,9.0,1,0.156,0.414,151,32,27,2,2,0.258,5,80,49,17,14,0,0.052,-0.37,-0.129,-0.181,PIT,Pittsburgh Pirates,1:37 p.m. Local,Day,PNC Park,Away,NYM,New York Mets,Away
111,NYN/NYN201908051,,4,32,0.58,-2.4,-2.1,2,0.188,2.0,13,32,7,6,2,0,0,8.0,5,0.257,0.632,133,35,24,2,2,0.375,12,94,52,21,21,0,0.391,-0.287,-0.215,-0.605,"Monday, August 5, 2019",2:51,7,29,0.81,2.1,2.4,6,0.207,6.75,15,66,7,6,1,0,0,9.0,7,0.368,0.782,135,38,27,6,6,0.414,8,84,49,16,19,0,0.59,0.213,0.287,-0.302,MIA,Miami Marlins,4:10 p.m. Local,Day,Citi Field,Home,NYM,New York Mets,Home
112,NYN/NYN201908052,29645,6,33,1.2,-0.4,-1.1,3,0.273,4.0,15,54,10,9,3,0,0,8.0,8,0.333,0.818,162,36,24,4,4,0.485,8,88,46,31,11,0,0.857,-0.417,-0.083,-0.939,"Monday, August 5, 2019",3:09,11,31,1.25,1.1,0.4,3,0.258,5.62,15,34,8,8,1,2,2,9.0,4,0.343,0.924,134,35,27,5,5,0.581,8,104,63,24,17,0,1.154,0.082,0.417,-0.737,MIA,Miami Marlins,7:36 p.m. Local,Night,Citi Field,Home,NYM,New York Mets,Home
113,NYN/NYN201908060,27479,7,33,0.51,-4.4,-1.1,1,0.273,0.0,7,37,21,9,2,0,0,8.0,5,0.314,0.648,136,35,24,0,0,0.333,5,79,46,23,10,0,0.282,-0.226,-0.275,-0.557,"Tuesday, August 6, 2019",2:38,18,31,0.73,1.1,4.4,3,0.258,5.62,15,70,8,8,0,0,0,9.0,5,0.324,0.872,113,34,27,5,5,0.548,8,92,56,14,22,0,0.479,0.274,0.227,-0.252,MIA,Miami Marlins,7:10 p.m. Local,Night,Citi Field,Home,NYM,New York Mets,Home
114,NYN/NYN201908070,26349,6,32,0.43,-2.4,-3.1,3,0.25,2.0,11,51,12,8,4,0,0,8.0,7,0.314,0.689,116,35,24,2,2,0.375,9,94,55,20,19,0,0.402,-0.285,-0.214,-0.617,"Wednesday, August 7, 2019",2:26,12,34,0.88,3.1,2.4,1,0.294,7.88,21,57,5,10,1,1,0,9.0,12,0.333,1.01,137,36,27,7,7,0.676,8,83,56,12,15,0,0.536,0.215,0.284,-0.251,MIA,Miami Marlins,12:10 p.m. Local,Day,Citi Field,Home,NYM,New York Mets,Home
115,NYN/NYN201908090,39602,9,38,1.5,1.6,-3.0,3,0.342,6.0,11,61,13,13,3,0,0,8.2,6,0.39,0.969,139,41,26,5,6,0.579,14,104,50,29,25,0,1.164,-0.798,0.299,-0.865,"Friday, August 9, 2019",3:20,11,37,1.11,3.0,-1.6,2,0.297,7.27,17,44,13,11,2,3,2,9.0,8,0.333,0.928,164,39,27,7,7,0.595,7,94,64,18,12,0,1.756,-0.298,0.797,-0.96,WSN,Washington Nationals,7:11 p.m. Local,Night,Citi Field,Home,NYM,New York Mets,Home
116,NYN/NYN201908100,43875,9,33,1.24,-1.4,-0.1,2,0.242,3.0,14,65,11,8,3,2,1,8.0,5,0.286,0.71,126,35,24,3,3,0.424,8,84,47,27,10,0,0.701,-0.359,-0.142,-0.843,"Saturday, August 10, 2019",2:34,9,29,1.07,0.1,1.4,2,0.172,3.38,9,58,12,5,2,0,0,9.0,2,0.219,0.702,129,32,27,4,4,0.483,9,86,44,23,19,0,0.864,0.141,0.358,-0.505,WSN,Washington Nationals,7:11 p.m. Local,Night,Citi Field,Home,NYM,New York Mets,Home
117,NYN/NYN201908110,41000,7,37,1.55,2.6,0.4,3,0.27,4.0,14,43,8,10,0,4,1,9.0,9,0.341,0.72,155,41,27,4,7,0.378,15,115,61,32,22,0,1.129,0.18,0.32,-0.809,"Sunday, August 11, 2019",3:35,6,35,1.33,-0.4,-2.6,2,0.257,4.0,18,59,10,9,1,4,2,9.0,8,0.308,0.651,176,39,27,4,4,0.343,8,97,67,14,16,0,0.861,-0.32,-0.18,-1.042,NYM,New York Mets,1:10 p.m. Local,Day,Citi Field,Away,WSN,Washington Nationals,Home
118,ATL/ATL201908130,27627,12,35,0.7,-2.0,-0.6,3,0.286,3.0,14,23,13,10,1,2,0,8.0,9,0.359,0.702,138,39,24,3,3,0.343,8,97,64,21,12,0,0.419,-0.194,-0.306,-0.724,"Tuesday, August 13, 2019",3:18,11,35,0.94,0.6,2.0,2,0.371,5.62,17,57,14,13,0,3,2,9.0,7,0.421,0.935,150,38,27,5,5,0.514,4,87,55,17,15,0,0.622,0.304,0.194,-0.427,NYM,New York Mets,7:22 p.m. Local,Night,SunTrust Park,Home,ATL,Atlanta Braves,Away
119,ATL/ATL201908140,23582,7,38,1.03,-1.0,-1.6,2,0.316,4.0,14,68,14,12,0,2,1,8.0,6,0.366,0.708,136,41,24,4,4,0.342,10,100,52,26,22,0,1.02,-0.377,-0.122,-1.142,"Wednesday, August 14, 2019",3:15,9,31,1.52,1.6,1.0,4,0.258,6.75,15,67,9,8,0,4,1,9.0,11,0.343,0.633,157,35,27,6,6,0.29,7,81,49,17,15,0,0.796,0.122,0.377,-0.418,NYM,New York Mets,8:32 p.m. Local,Night,SunTrust Park,Home,ATL,Atlanta Braves,Away
120,ATL/ATL201908150,25424,8,46,0.45,5.0,-3.0,4,0.5,10.0,23,51,18,23,6,0,0,9.0,14,0.54,1.257,159,51,27,10,10,0.717,6,115,83,13,19,0,0.603,0.095,0.403,-0.196,"Thursday, August 15, 2019",3:33,11,37,0.35,3.0,-5.0,5,0.297,7.0,19,13,10,11,2,4,1,9.0,8,0.381,1.165,180,42,27,8,8,0.784,8,97,57,22,18,0,0.264,-0.404,-0.095,-0.358,ATL,Atlanta Braves,7:22 p.m. Local,Night,SunTrust Park,Away,NYM,New York Mets,Away
121,KCA/KCA201908160,21439,11,33,0.98,-4.0,0.5,3,0.242,0.0,10,58,17,8,0,3,2,8.0,3,0.324,0.567,134,37,24,1,1,0.242,6,85,49,23,13,0,0.602,0.009,-0.508,-1.11,"Friday, August 16, 2019",3:01,12,31,1.39,-0.5,4.0,4,0.258,4.5,11,61,12,8,0,1,0,9.0,6,0.343,0.73,133,35,27,4,4,0.387,8,87,55,17,15,0,0.62,0.508,-0.009,-0.63,NYM,New York Mets,7:16 p.m. Local,Night,Kauffman Stadium,Home,KCR,Kansas City Royals,Away
122,KCA/KCA201908170,28697,10,36,1.18,-1.0,4.0,3,0.306,4.0,12,70,15,11,0,0,0,9.0,8,0.39,0.779,133,41,27,4,4,0.389,9,86,45,23,18,0,0.956,0.437,0.064,-0.892,"Saturday, August 17, 2019",2:35,11,30,1.24,-4.0,1.0,2,0.133,1.0,13,52,11,4,0,5,2,9.0,7,0.188,0.321,131,32,27,1,1,0.133,6,82,45,18,19,0,0.414,-0.064,-0.438,-0.85,KCR,Kansas City Royals,6:16 p.m. Local,Night,Kauffman Stadium,Away,NYM,New York Mets,Away
123,KCA/KCA201908180,20661,11,39,0.97,6.0,0.0,2,0.41,11.0,19,46,15,16,0,0,0,9.0,10,0.439,1.183,148,42,27,11,11,0.744,6,101,65,21,15,0,1.133,-0.149,0.649,-0.483,"Sunday, August 18, 2019",3:01,11,32,0.88,-0.0,-6.0,1,0.188,4.0,15,51,13,6,2,3,1,9.0,6,0.206,0.456,154,36,27,5,5,0.25,6,96,67,18,10,0,0.558,-0.65,0.149,-0.41,KCR,Kansas City Royals,1:16 p.m. Local,Day,Kauffman Stadium,Away,NYM,New York Mets,Away
124,NYN/NYN201908200,33800,7,34,0.64,-2.4,-5.1,2,0.176,1.0,12,58,10,6,2,2,2,8.0,6,0.222,0.546,134,36,24,2,2,0.324,12,79,41,27,11,0,0.51,-0.312,-0.187,-0.697,"Tuesday, August 20, 2019",2:41,6,34,1.04,5.1,2.4,3,0.265,7.88,15,62,11,9,1,2,0,9.0,4,0.324,0.824,129,37,27,9,9,0.5,8,94,59,21,14,0,0.724,0.189,0.311,-0.411,CLE,Cleveland Indians,7:10 p.m. Local,Night,Citi Field,Home,NYM,New York Mets,Home
125,NYN/NYN201908210,28349,7,37,1.88,-1.9,0.4,2,0.243,2.7,15,60,16,9,0,1,0,9.2,6,0.282,0.687,159,40,29,3,3,0.405,7,96,56,29,11,0,1.091,-0.44,-0.059,-1.151,"Wednesday, August 21, 2019",3:22,13,37,1.52,-0.4,1.9,4,0.243,3.72,21,48,9,9,1,0,0,10.0,7,0.317,0.641,144,42,30,4,4,0.324,8,106,64,25,17,0,1.441,0.06,0.439,-1.001,CLE,Cleveland Indians,7:16 p.m. Local,Night,Citi Field,Home,NYM,New York Mets,Home
126,NYN/NYN201908220,30998,8,26,0.69,-3.9,0.1,1,0.077,0.0,11,56,8,2,0,1,0,7.0,3,0.111,0.188,101,27,21,0,0,0.077,7,66,37,18,11,0,0.083,0.002,-0.477,-0.56,"Thursday, August 22, 2019",2:08,6,26,0.91,-0.1,3.9,1,0.192,2.57,13,73,10,5,0,0,0,8.0,7,0.25,0.519,102,28,24,2,2,0.269,3,63,42,16,5,0,0.38,0.477,-0.001,-0.383,CLE,Cleveland Indians,7:11 p.m. Local,Night,Citi Field,Home,NYM,New York Mets,Home
127,NYN/NYN201908230,31437,14,49,1.99,-4.8,5.8,5,0.163,1.29,13,74,11,8,1,0,0,14.0,6,0.255,0.438,219,56,42,2,2,0.184,26,142,59,35,48,0,1.196,1.225,-0.725,-1.921,"Friday, August 23, 2019",4:37,3,47,1.81,-5.8,4.8,4,0.128,0.64,15,77,18,6,0,0,0,14.0,6,0.212,0.424,220,52,42,1,1,0.213,14,141,79,40,22,0,0.83,0.726,-1.224,-2.055,NYM,New York Mets,7:10 p.m. Local,Night,Citi Field,Away,ATL,Atlanta Braves,Home
128,NYN/NYN201908240,38300,11,37,1.14,4.6,-0.6,6,0.297,9.0,21,38,10,11,1,0,0,9.0,9,0.395,1.017,144,44,27,8,9,0.622,6,96,59,21,16,1,1.156,-0.095,0.596,-0.561,"Saturday, August 24, 2019",3:14,10,37,0.91,0.6,-4.6,0,0.297,5.0,12,39,17,11,3,1,1,9.0,5,0.297,0.757,166,37,27,5,5,0.459,8,97,55,25,17,0,0.905,-0.594,0.095,-0.808,NYM,New York Mets,7:10 p.m. Local,Night,Citi Field,Away,ATL,Atlanta Braves,Home
129,NYN/NYN201908250,30170,16,30,1.79,-2.4,3.4,2,0.1,2.0,11,73,7,3,0,0,0,9.0,4,0.156,0.49,146,32,27,2,2,0.333,12,98,51,28,19,0,0.309,0.64,-0.141,-0.45,"Sunday, August 25, 2019",2:45,7,31,0.65,-3.4,2.4,3,0.226,1.0,8,69,16,7,2,0,0,9.0,5,0.314,0.572,146,35,27,1,1,0.258,7,91,46,26,19,0,0.62,0.14,-0.641,-1.261,NYM,New York Mets,1:11 p.m. Local,Day,Citi Field,Away,ATL,Atlanta Braves,Home
130,NYN/NYN201908270,34158,13,35,0.85,0.6,2.4,2,0.314,5.0,11,74,14,11,2,0,0,9.0,7,0.351,0.98,119,37,27,5,5,0.629,10,91,47,26,18,0,0.607,0.291,0.208,-0.399,"Tuesday, August 27, 2019",2:54,15,32,0.64,-2.4,-0.6,1,0.188,2.0,11,49,15,6,2,0,0,9.0,4,0.212,0.65,146,34,27,2,2,0.438,7,82,52,18,12,0,0.337,-0.208,-0.292,-0.629,NYM,New York Mets,7:12 p.m. Local,Night,Citi Field,Away,CHC,Chicago Cubs,Home
131,NYN/NYN201908280,33987,11,38,0.79,5.6,-2.6,2,0.316,9.0,16,26,10,12,2,5,1,9.0,6,0.366,0.971,164,42,27,9,10,0.605,13,103,53,24,27,0,0.54,0.061,0.441,-0.099,"Wednesday, August 28, 2019",3:24,7,40,0.3,2.6,-5.6,3,0.35,6.0,21,7,13,14,3,0,0,9.0,11,0.422,0.997,153,45,27,7,7,0.575,6,105,69,20,16,0,0.561,-0.439,-0.063,-0.622,NYM,New York Mets,7:22 p.m. Local,Night,Citi Field,Away,CHC,Chicago Cubs,Home
132,NYN/NYN201908290,38389,6,32,0.85,-0.4,3.4,1,0.188,4.0,12,59,10,6,1,0,0,9.0,3,0.212,0.587,136,33,27,4,4,0.375,10,88,55,21,12,0,0.565,0.385,0.114,-0.451,"Thursday, August 29, 2019",2:35,4,32,0.76,-3.4,0.4,3,0.156,1.0,18,58,7,5,2,0,0,9.0,9,0.229,0.51,127,35,27,1,1,0.281,7,83,51,16,16,0,0.251,-0.115,-0.385,-0.636,NYM,New York Mets,7:10 p.m. Local,Night,Citi Field,Away,CHC,Chicago Cubs,Home
133,PHI/PHI201908300,30503,10,39,0.94,6.1,-0.1,4,0.308,11.0,18,55,12,12,0,0,0,9.0,9,0.386,0.976,145,44,27,11,11,0.59,9,97,51,25,21,0,1.092,0.293,0.206,-0.888,"Friday, August 30, 2019",3:28,8,34,1.38,0.1,-6.1,4,0.353,5.0,19,66,11,12,3,5,2,9.0,15,0.4,0.871,158,41,27,5,5,0.471,7,102,67,23,12,0,0.417,-0.206,-0.292,-0.71,PHI,Philadelphia Phillies,7:07 p.m. Local,Night,Citizens Bank Park,Away,NYM,New York Mets,Away
134,PHI/PHI201908310,40690,8,41,1.35,1.1,1.9,3,0.317,6.0,20,48,15,13,1,4,1,9.0,13,0.378,0.792,156,45,27,6,6,0.415,6,117,73,26,18,0,0.86,0.315,0.185,-0.676,"Saturday, August 31, 2019",3:41,9,36,0.96,-1.9,-1.1,2,0.25,2.0,15,23,9,9,0,2,0,9.0,6,0.289,0.706,182,38,27,3,3,0.417,12,107,63,27,17,0,0.758,-0.183,-0.317,-1.075,PHI,Philadelphia Phillies,4:06 p.m. Local,Day,Citizens Bank Park,Away,NYM,New York Mets,Away
135,PHI/PHI201909010,33492,8,29,1.23,-2.9,-0.7,3,0.138,2.0,11,54,14,4,1,3,1,8.0,5,0.219,0.495,130,33,24,1,2,0.276,5,79,42,21,16,0,0.615,-0.215,-0.283,-0.898,"Sunday, September 1, 2019",2:52,13,32,1.43,0.7,2.9,4,0.281,5.62,15,69,10,9,1,2,1,9.0,10,0.361,0.861,118,36,27,5,5,0.5,7,86,46,22,18,0,0.801,0.284,0.217,-0.584,NYM,New York Mets,7:07 p.m. Local,Night,Citizens Bank Park,Home,PHI,Philadelphia Phillies,Away
136,WAS/WAS201909020,25329,7,38,0.37,1.9,2.1,5,0.289,7.0,14,81,12,11,1,0,0,9.0,7,0.372,0.819,123,43,27,7,7,0.447,12,107,64,22,21,0,0.611,0.22,0.28,-0.331,"Monday, September 2, 2019",3:08,7,32,0.5,-2.1,-1.9,1,0.156,3.0,11,18,9,5,1,1,1,9.0,5,0.182,0.463,170,33,27,3,3,0.281,12,84,48,18,18,0,0.064,-0.28,-0.221,-0.287,WSN,Washington Nationals,1:06 p.m. Local,Day,Nationals Park,Away,NYM,New York Mets,Away
137,WAS/WAS201909030,20759,9,35,1.3,4.9,-6.2,3,0.314,6.0,19,48,10,11,2,5,3,8.1,8,0.359,1.073,142,39,25,10,10,0.714,7,100,61,22,18,0,0.78,-0.842,0.342,-0.437,"Tuesday, September 3, 2019",3:17,11,37,0.69,6.2,-4.9,3,0.405,11.88,21,52,11,15,4,1,1,9.0,10,0.463,1.166,147,42,27,11,11,0.703,6,91,53,23,15,0,1.739,-0.342,0.841,-0.899,NYM,New York Mets,7:06 p.m. Local,Night,Nationals Park,Home,WSN,Washington Nationals,Away
138,WAS/WAS201909040,20237,6,37,0.94,2.9,1.1,6,0.351,8.0,18,50,17,13,0,1,0,9.0,7,0.442,1.091,170,43,27,7,8,0.649,2,87,62,15,10,0,0.718,0.218,0.281,-0.437,"Wednesday, September 4, 2019",3:24,13,38,0.62,-1.1,-2.9,5,0.289,4.0,20,22,12,11,3,1,1,9.0,11,0.372,0.714,143,43,27,4,4,0.342,6,109,64,30,15,0,0.518,-0.281,-0.218,-0.738,WSN,Washington Nationals,1:07 p.m. Local,Day,Nationals Park,Away,NYM,New York Mets,Away
139,NYN/NYN201909060,28107,11,35,1.44,-0.4,-1.4,4,0.257,4.0,13,53,11,9,1,4,3,8.2,7,0.35,0.807,159,40,26,4,4,0.457,11,114,53,33,28,0,1.088,-0.528,0.028,-1.06,"Friday, September 6, 2019",3:32,9,32,1.52,1.4,0.4,3,0.312,5.19,12,50,13,10,1,5,0,9.0,6,0.389,0.795,177,38,27,5,5,0.406,9,101,63,22,16,0,1.159,-0.027,0.527,-0.63,PHI,Philadelphia Phillies,7:10 p.m. Local,Night,Citi Field,Home,NYM,New York Mets,Home
140,NYN/NYN201909070,28848,9,39,0.9,0.6,4.4,0,0.282,4.0,19,71,9,11,0,0,0,9.0,8,0.282,0.667,136,39,27,5,5,0.385,11,99,56,27,16,0,0.624,0.278,0.222,-0.4,"Saturday, September 7, 2019",2:59,5,33,0.7,-4.4,-0.6,3,0.182,0.0,13,30,13,6,1,0,0,9.0,8,0.25,0.462,146,36,27,0,0,0.212,7,88,47,23,18,0,0.324,-0.222,-0.279,-0.601,NYM,New York Mets,7:11 p.m. Local,Night,Citi Field,Away,PHI,Philadelphia Phillies,Home
141,NYN/NYN201909080,30264,8,38,1.45,5.6,-2.6,4,0.342,10.0,20,36,10,13,2,6,1,9.0,8,0.395,1.053,207,44,27,10,10,0.658,10,128,78,27,23,0,1.296,-0.286,0.785,-0.51,"Sunday, September 8, 2019",4:29,11,39,0.94,2.6,-5.6,7,0.359,7.0,17,43,12,14,3,4,1,9.0,10,0.458,0.997,183,48,27,7,7,0.538,11,135,97,24,14,0,1.281,-0.786,0.287,-0.994,NYM,New York Mets,1:11 p.m. Local,Day,Citi Field,Away,PHI,Philadelphia Phillies,Home
142,NYN/NYN201909090,21337,13,29,0.69,-3.4,0.9,1,0.103,1.0,5,49,9,3,2,2,0,8.0,0,0.133,0.34,122,30,24,1,1,0.207,15,87,38,25,24,0,0.208,-0.053,-0.448,-0.656,"Monday, September 9, 2019",2:45,10,29,0.94,-0.9,3.4,2,0.31,3.38,10,77,12,9,1,0,0,9.0,6,0.375,0.961,129,32,27,3,3,0.586,7,78,52,14,12,0,0.5,0.447,0.053,-0.446,ARI,Arizona Diamondbacks,7:10 p.m. Local,Night,Citi Field,Home,NYM,New York Mets,Home
143,NYN/NYN201909100,20843,7,35,0.83,-2.4,0.9,3,0.286,2.0,11,57,16,10,0,0,0,8.0,3,0.342,0.742,115,38,24,2,2,0.4,8,98,57,22,19,0,0.761,-0.042,-0.458,-1.22,"Tuesday, September 10, 2019",3:02,10,29,1.62,-0.9,2.4,2,0.172,3.38,8,64,9,5,1,0,0,9.0,4,0.226,0.536,147,31,27,3,3,0.31,12,81,42,18,21,0,0.521,0.458,0.043,-0.48,ARI,Arizona Diamondbacks,7:10 p.m. Local,Night,Citi Field,Home,NYM,New York Mets,Home
144,NYN/NYN201909110,21841,8,33,0.27,-4.4,-5.1,4,0.212,0.0,13,23,11,7,5,1,0,8.0,8,0.316,0.589,141,38,24,0,0,0.273,9,105,59,25,21,0,0.189,-0.382,-0.118,-0.307,"Wednesday, September 11, 2019",3:06,7,34,0.39,5.1,4.4,4,0.324,10.12,20,68,9,11,0,0,0,9.0,9,0.41,1.293,163,39,27,9,9,0.882,5,88,56,22,10,0,0.46,0.119,0.379,-0.079,ARI,Arizona Diamondbacks,7:11 p.m. Local,Night,Citi Field,Home,NYM,New York Mets,Home
145,NYN/NYN201909120,21856,9,31,0.4,-3.4,-7.1,5,0.129,1.0,9,35,15,4,6,2,1,8.0,7,0.27,0.464,164,37,24,1,1,0.194,7,87,45,25,17,0,0.108,-0.314,-0.185,-0.293,"Thursday, September 12, 2019",3:25,9,35,0.38,7.1,3.4,3,0.314,6.75,16,63,12,11,0,5,0,9.0,9,0.368,1.197,142,38,27,11,11,0.829,7,103,64,22,17,0,0.493,0.186,0.314,-0.179,ARI,Arizona Diamondbacks,1:10 p.m. Local,Day,Citi Field,Home,NYM,New York Mets,Home
146,NYN/NYN201909130,36097,9,38,0.62,4.6,2.4,3,0.289,9.0,14,59,18,11,1,3,1,9.0,8,0.341,0.815,151,41,27,9,9,0.474,6,110,72,22,16,0,0.641,0.188,0.31,-0.33,"Friday, September 13, 2019",3:22,10,32,0.56,-2.4,-4.6,4,0.156,2.0,11,43,15,5,2,1,1,9.0,4,0.25,0.5,174,36,27,2,2,0.25,6,93,53,23,17,0,0.25,-0.311,-0.189,-0.439,NYM,New York Mets,7:11 p.m. Local,Night,Citi Field,Away,LAD,Los Angeles Dodgers,Home
147,NYN/NYN201909140,39264,9,30,1.19,-4.4,0.9,0,0.1,0.0,6,79,12,3,0,1,1,8.0,3,0.129,0.229,120,31,24,0,0,0.1,12,83,39,26,18,0,0.113,0.074,-0.574,-0.688,"Saturday, September 14, 2019",2:40,10,27,1.06,-0.9,4.4,1,0.111,3.38,9,79,9,3,0,0,0,9.0,5,0.2,0.348,130,30,27,3,3,0.148,9,79,48,16,15,0,0.497,0.575,-0.074,-0.571,LAD,Los Angeles Dodgers,7:10 p.m. Local,Night,Citi Field,Home,NYM,New York Mets,Home
148,NYN/NYN201909150,31521,11,36,1.15,-1.4,2.4,2,0.25,3.0,16,54,7,9,0,0,0,9.0,6,0.289,0.651,128,38,27,3,3,0.361,13,91,45,26,20,0,1.35,0.394,0.106,-1.245,"Sunday, September 15, 2019",3:12,6,29,1.9,-2.4,1.4,3,0.103,2.0,12,70,12,3,0,2,0,9.0,4,0.212,0.385,140,33,27,2,2,0.172,5,96,62,19,15,0,0.393,-0.106,-0.393,-0.787,NYM,New York Mets,7:07 p.m. Local,Night,Citi Field,Away,LAD,Los Angeles Dodgers,Home
149,COL/COL201909160,28505,8,36,0.75,-1.6,-4.0,3,0.25,4.0,14,24,13,9,2,2,1,8.0,7,0.308,0.78,148,39,24,4,4,0.472,9,96,53,26,17,0,0.627,-0.459,-0.041,-0.668,"Monday, September 16, 2019",3:09,10,37,0.84,4.0,1.6,3,0.351,10.12,18,43,14,13,2,0,0,9.0,7,0.4,0.941,152,40,27,9,9,0.541,5,96,62,23,11,0,0.863,0.041,0.46,-0.405,NYM,New York Mets,6:42 p.m. Local,Night,Coors Field,Home,COL,Colorado Rockies,Away
150,COL/COL201909170,33118,8,33,0.74,0.4,4.6,3,0.333,6.0,14,75,15,11,1,0,0,9.0,5,0.389,1.025,130,36,27,6,6,0.636,4,81,50,18,13,0,0.549,0.431,0.069,-0.482,"Tuesday, September 17, 2019",2:50,16,31,0.62,-4.6,-0.4,1,0.194,1.0,13,42,10,6,3,1,0,9.0,6,0.219,0.541,133,32,27,1,1,0.323,8,83,48,21,14,0,0.157,-0.07,-0.43,-0.587,COL,Colorado Rockies,6:40 p.m. Local,Night,Coors Field,Away,NYM,New York Mets,Away
151,COL/COL201909180,30174,7,35,0.95,1.4,1.6,6,0.286,6.0,15,37,16,10,2,2,0,9.0,8,0.405,0.89,160,42,27,6,7,0.486,4,100,65,23,12,0,1.46,0.032,0.467,-0.991,"Wednesday, September 18, 2019",3:43,14,36,1.71,-1.6,-1.4,2,0.306,4.0,16,52,10,11,2,10,4,9.0,8,0.333,0.806,163,39,27,4,4,0.472,11,107,63,32,12,0,0.692,-0.468,-0.032,-0.722,COL,Colorado Rockies,1:11 p.m. Local,Day,Coors Field,Away,NYM,New York Mets,Away
152,CIN/CIN201909200,20576,9,37,0.79,3.1,3.9,6,0.27,8.0,13,78,15,10,1,3,0,9.0,7,0.372,0.94,137,43,27,8,8,0.568,9,109,62,18,29,0,0.554,0.458,0.044,-0.511,"Friday, September 20, 2019",3:06,11,33,0.58,-3.9,-3.1,1,0.212,1.0,13,63,9,7,3,0,0,9.0,4,0.235,0.538,167,34,27,1,1,0.303,11,93,55,20,18,0,0.173,-0.041,-0.459,-0.629,CIN,Cincinnati Reds,7:11 p.m. Local,Night,Great American Ball Park,Away,NYM,New York Mets,Away
153,CIN/CIN201909210,30487,5,30,1.41,-2.9,1.4,1,0.1,1.0,9,62,10,3,0,2,1,8.0,3,0.156,0.29,136,33,24,2,2,0.133,12,86,52,17,17,0,0.446,0.015,-0.514,-0.961,"Saturday, September 21, 2019",2:48,8,33,1.51,-1.4,2.9,2,0.273,2.25,17,66,8,9,0,0,0,9.0,6,0.333,0.636,122,36,27,3,3,0.303,8,89,48,24,17,0,0.86,0.514,-0.014,-0.875,NYM,New York Mets,4:12 p.m. Local,Day,Great American Ball Park,Home,CIN,Cincinnati Reds,Away
154,CIN/CIN201909220,21335,9,36,1.08,1.1,1.9,2,0.25,6.0,14,49,13,9,2,3,0,9.0,5,0.325,0.964,161,40,27,6,6,0.639,9,94,57,20,17,0,0.541,0.283,0.217,-0.325,"Sunday, September 22, 2019",3:08,8,32,0.47,-1.9,-1.1,6,0.188,3.0,11,53,14,6,3,0,0,9.0,4,0.308,0.683,140,39,27,3,3,0.375,8,99,54,33,12,0,0.488,-0.216,-0.283,-0.772,CIN,Cincinnati Reds,1:11 p.m. Local,Day,Great American Ball Park,Away,NYM,New York Mets,Away
155,NYN/NYN201909230,21189,4,37,0.91,3.6,0.4,2,0.351,8.0,11,41,21,13,1,2,0,9.0,5,0.385,0.925,168,40,27,8,8,0.541,6,91,57,23,11,0,0.637,0.21,0.288,-0.351,"Monday, September 23, 2019",3:25,15,36,0.61,-0.4,-3.6,6,0.25,4.0,21,28,8,9,2,4,2,9.0,8,0.357,0.718,138,42,27,4,4,0.361,7,101,64,21,16,0,0.469,-0.29,-0.21,-0.68,NYM,New York Mets,7:10 p.m. Local,Night,Citi Field,Away,MIA,Miami Marlins,Home
156,NYN/NYN201909240,21766,9,43,1.64,-1.4,-1.2,3,0.256,3.27,15,63,13,11,2,1,1,10.1,7,0.304,0.7,172,46,31,4,4,0.395,15,120,69,34,19,0,0.651,-0.351,-0.148,-0.799,"Tuesday, September 24, 2019",3:51,9,41,0.82,1.2,1.4,4,0.22,4.35,17,38,15,9,1,2,0,11.0,10,0.304,0.695,187,46,33,5,5,0.39,9,115,73,20,22,0,1.492,0.149,0.35,-1.142,MIA,Miami Marlins,7:11 p.m. Local,Night,Citi Field,Home,NYM,New York Mets,Home
157,NYN/NYN201909250,21471,6,31,0.26,-1.4,-6.1,2,0.129,0.0,10,19,11,4,1,1,1,8.0,3,0.182,0.44,146,33,24,3,3,0.258,10,80,43,16,21,0,0.045,-0.388,-0.111,-0.156,"Wednesday, September 25, 2019",2:48,10,34,0.19,6.1,1.4,4,0.353,10.12,15,79,11,12,1,0,0,9.0,8,0.415,1.032,125,41,27,10,10,0.618,10,100,61,21,18,0,0.457,0.111,0.388,-0.069,MIA,Miami Marlins,7:10 p.m. Local,Night,Citi Field,Home,NYM,New York Mets,Home
158,NYN/NYN201909260,21729,10,33,1.43,-0.4,2.4,0,0.182,4.0,13,77,9,6,0,3,0,9.0,3,0.182,0.727,140,33,27,4,4,0.545,11,90,47,31,12,0,0.833,0.296,0.205,-0.629,"Thursday, September 26, 2019",2:45,8,29,0.97,-2.4,0.4,4,0.172,2.0,8,70,10,5,3,0,0,9.0,4,0.286,0.493,123,35,27,2,2,0.207,12,89,51,19,20,0,0.583,-0.205,-0.295,-0.879,NYM,New York Mets,7:10 p.m. Local,Night,Citi Field,Away,MIA,Miami Marlins,Home
159,NYN/NYN201909270,26264,11,35,1.08,-2.4,-0.1,1,0.257,2.0,10,37,15,9,2,0,0,8.0,7,0.316,0.573,134,39,24,2,2,0.257,11,102,62,25,15,0,0.585,-0.168,-0.331,-0.915,"Friday, September 27, 2019",3:09,11,31,1.29,0.1,2.4,4,0.29,4.5,13,59,11,9,0,0,0,9.0,9,0.389,0.97,165,36,27,4,4,0.581,7,84,57,13,14,0,0.78,0.332,0.168,-0.612,ATL,Atlanta Braves,7:10 p.m. Local,Night,Citi Field,Home,NYM,New York Mets,Home
160,NYN/NYN201909280,32210,8,31,0.48,-4.4,0.9,5,0.129,0.0,10,48,9,4,2,0,0,8.0,4,0.27,0.464,107,37,24,0,0,0.194,12,85,42,20,23,0,0.25,-0.094,-0.408,-0.657,"Saturday, September 28, 2019",2:33,8,26,0.89,-0.9,4.4,2,0.154,3.38,8,70,7,4,0,0,0,9.0,4,0.214,0.599,134,28,27,3,3,0.385,11,68,34,24,12,0,0.339,0.407,0.092,-0.247,ATL,Atlanta Braves,7:16 p.m. Local,Night,Citi Field,Home,NYM,New York Mets,Home
161,NYN/NYN201909290,31523,7,42,1.5,0.6,-1.7,3,0.262,4.91,19,46,10,11,3,3,2,10.2,6,0.311,0.883,161,45,32,6,6,0.571,13,114,65,26,23,0,1.514,-0.787,0.287,-1.228,"Sunday, September 29, 2019",3:44,10,44,1.38,1.7,-0.6,2,0.341,5.91,24,62,8,15,4,2,0,11.0,13,0.362,0.93,172,47,33,7,7,0.568,13,106,62,20,24,0,2.085,-0.287,0.786,-1.298,ATL,Atlanta Braves,3:12 p.m. Local,Day,Citi Field,Home,NYM,New York Mets,Home
